cityPartRange,numPrevOwners,made,isNewBuilt,hasStormProtector,basement,attic,garage,hasStorageRoom,hasGuestRoom,price,category
3,4,1995,N,Y,3114,1258,264,Y,9,10313.5,Basic
9,1,2011,N,Y,9390,6219,922,N,9,13229.1,Basic
1,4,2003,Y,N,2239,2795,951,Y,7,14431.3,Basic
6,2,1990,N,N,6861,5769,442,N,5,15488,Basic
6,9,1992,Y,Y,6618,7045,939,Y,10,16799.2,Basic
5,2,2010,Y,N,4426,5336,911,N,4,17071,Basic
4,3,1990,Y,N,6022,8521,391,Y,3,17363,Basic
6,3,2000,N,N,2325,6230,536,N,9,18985,Basic
2,2,2020,N,Y,8598,3119,268,N,10,19638,Basic
7,6,1995,N,Y,2675,6452,724,Y,2,19788.5,Basic
5,1,2021,N,Y,6831,1323,242,N,9,21201.1,Basic
3,1,2002,N,Y,7704,7896,468,Y,8,22499.2,Basic
5,4,1997,Y,N,3411,8985,213,N,4,22670.7,Basic
5,1,1991,N,Y,411,475,110,N,9,23653.1,Basic
8,6,2014,Y,N,2663,1650,403,Y,10,23818.4,Basic
7,5,2009,N,Y,3367,1039,436,Y,1,24058.9,Basic
7,2,2019,N,N,9680,5250,134,N,10,26533.9,Basic
2,1,2014,Y,N,1820,999,805,Y,4,27438.4,Basic
6,5,2000,Y,N,6453,5671,744,Y,9,28028,Basic
2,4,1996,Y,Y,5740,8505,106,Y,6,28295.6,Basic
8,6,2005,N,N,6355,5668,743,N,3,28656.5,Basic
7,6,2013,N,Y,4070,7336,962,N,7,29643.3,Basic
9,3,2016,Y,N,5927,8680,811,N,9,29996.6,Basic
6,9,2011,Y,Y,2951,2630,866,Y,9,30703.1,Basic
4,10,2021,Y,Y,782,9569,423,Y,1,31966.1,Basic
10,2,1994,Y,N,7172,3199,826,Y,1,34115.4,Basic
10,10,1994,Y,Y,9024,7783,786,N,6,34373.4,Basic
4,4,1993,Y,Y,2366,4016,229,Y,5,35371.3,Basic
10,4,2021,N,Y,2024,8877,582,Y,2,37033.1,Basic
5,7,2020,Y,Y,9872,5678,345,N,3,37972,Basic
2,10,2003,N,N,9608,4027,419,Y,7,39316.3,Basic
9,7,2000,Y,N,3187,6618,294,N,9,43545,Basic
6,9,1998,Y,N,1071,4721,937,N,1,44847.8,Basic
9,2,2008,Y,N,2383,6053,642,Y,8,45524.8,Basic
8,4,1996,N,Y,7208,7691,786,N,1,46790.6,Basic
9,8,1993,N,Y,7166,8479,734,Y,2,47257.3,Basic
8,5,2016,Y,Y,3594,706,346,Y,4,47967.6,Basic
4,5,1996,N,Y,3648,1264,990,Y,0,49802.6,Basic
6,2,2011,Y,Y,5930,2141,132,N,10,50344.1,Basic
10,6,2009,N,N,9593,2913,189,N,2,51031.9,Basic
5,10,2006,Y,Y,5816,8915,830,Y,5,52352.6,Basic
1,2,1999,N,Y,3053,8046,786,Y,0,52762.9,Basic
2,7,1991,N,N,7643,315,660,Y,3,53933.1,Basic
8,5,2011,N,Y,2561,2352,780,Y,6,53940.1,Basic
4,9,2013,N,Y,2657,5038,898,Y,0,54382.3,Basic
7,1,1994,Y,N,7377,8868,113,Y,10,56225.4,Basic
4,4,2019,Y,Y,6630,6204,880,Y,6,57103.9,Basic
2,2,1995,Y,N,6158,1655,808,N,3,58191.5,Basic
7,5,1994,N,Y,2566,133,613,Y,6,62166.4,Basic
4,7,2011,Y,N,6738,5603,866,N,1,63402.1,Basic
2,2,1994,N,Y,5060,7544,710,Y,7,63718.4,Basic
1,2,2010,N,Y,6506,9958,528,Y,2,63977,Basic
3,5,2003,Y,N,887,1092,178,N,10,65326.3,Basic
4,6,1990,Y,Y,5713,4559,588,Y,3,66144,Basic
6,9,2012,Y,Y,6370,6024,242,Y,1,66663.2,Basic
10,4,2013,N,N,2834,9336,638,N,3,67453.3,Basic
10,3,1990,N,Y,2348,5137,260,N,1,67550,Basic
4,2,2002,N,N,3855,961,178,N,6,67622.2,Basic
8,6,2020,N,N,7428,2642,150,N,2,68498,Basic
4,3,2016,N,N,5947,932,707,Y,10,68528.6,Basic
10,2,2005,N,N,2938,7209,656,N,2,71250.5,Basic
5,3,2001,N,Y,4476,2053,899,N,8,73625.1,Basic
7,3,2010,N,Y,8609,3736,740,Y,8,74252,Basic
3,9,2021,N,Y,1498,3734,196,Y,10,76259.1,Basic
10,3,2009,N,Y,6528,2986,172,N,10,76430.9,Basic
8,4,2004,Y,Y,6906,9110,714,N,7,77725.4,Basic
8,5,1992,N,N,2364,2212,964,Y,9,79288.2,Basic
3,8,2019,N,N,330,5343,661,Y,5,80879.9,Basic
8,6,1995,N,Y,9552,8299,626,Y,1,81336.5,Basic
4,5,2011,N,N,5749,3578,413,N,5,81775.1,Basic
7,4,2014,Y,N,8046,3187,973,Y,8,82042.4,Basic
6,6,1992,Y,Y,1252,7255,631,Y,0,82123.2,Basic
4,9,2005,N,Y,1624,3544,149,Y,9,82916.5,Basic
4,8,2010,N,Y,8681,6583,679,N,4,83521,Basic
3,9,1994,Y,N,8578,1495,253,N,2,83786.4,Basic
3,6,2015,N,N,9301,8989,950,Y,4,84567.5,Basic
7,2,1998,Y,N,4226,1272,633,N,7,84647.8,Basic
4,9,1994,N,Y,6382,4972,819,Y,0,86104.4,Basic
4,4,2016,Y,Y,9670,4645,904,Y,8,86613.6,Basic
3,7,2003,Y,N,7737,4258,703,Y,3,87408.3,Basic
6,4,2008,N,N,8622,2077,584,Y,4,87430.8,Basic
10,3,2003,N,N,3587,8088,726,N,0,87585.3,Basic
2,8,1995,N,N,302,1509,946,N,2,88673.5,Basic
5,2,1999,N,Y,2420,9941,427,N,9,89905.9,Basic
3,6,2000,N,N,245,5879,470,N,9,89927,Basic
7,3,2015,Y,N,5943,1113,723,Y,4,91333.5,Basic
6,5,2005,N,Y,6353,9736,860,N,1,92386.5,Basic
1,7,1999,Y,Y,2656,236,847,Y,10,92858.9,Basic
1,7,2020,Y,N,6195,8027,826,N,4,94306,Basic
8,9,2000,N,N,1600,3603,374,Y,0,94449,Basic
5,8,2013,N,Y,2128,9487,959,N,8,94998.3,Basic
7,4,1998,Y,N,1388,727,985,Y,2,97785.8,Basic
9,1,1997,N,Y,9069,5250,817,N,9,98229.7,Basic
6,3,2020,N,Y,9680,4126,164,Y,3,98546,Basic
7,4,2016,Y,Y,575,6655,740,Y,1,99445.6,Basic
3,6,1992,N,Y,5465,3549,110,N,6,100175.2,Basic
1,4,2008,N,Y,7384,549,715,Y,5,100197.8,Basic
7,8,1990,N,N,224,6186,350,N,1,101341,Basic
8,6,2005,Y,Y,7988,6306,505,N,6,102749.5,Basic
5,9,2006,Y,N,3768,79,755,N,10,104307.6,Basic
2,9,2014,N,N,3022,7603,849,Y,9,104359.4,Basic
6,5,2008,N,N,8604,482,348,N,9,104702.8,Basic
8,5,1998,N,Y,1014,3525,581,N,4,104727.8,Basic
10,1,1997,Y,Y,4110,3162,737,Y,10,105739.7,Basic
1,1,2017,Y,Y,5063,6310,716,N,0,105869.7,Basic
9,8,1997,Y,Y,8735,9362,744,N,7,106121.7,Basic
3,8,1991,Y,Y,5343,7596,683,N,3,106809.1,Basic
8,2,2019,Y,Y,8115,6787,417,Y,3,107936.9,Basic
2,7,2008,N,Y,9222,8858,516,Y,2,108029.8,Basic
10,1,2003,Y,Y,9343,4561,315,Y,5,112264.3,Basic
7,8,2020,N,N,9236,6895,145,N,10,112384,Basic
7,5,2020,Y,N,2597,6667,110,Y,8,114412,Basic
4,9,2017,N,Y,2723,9228,524,Y,5,114605.7,Basic
3,6,2011,N,Y,1186,7583,147,N,6,115594.1,Basic
2,2,2011,N,Y,64,7702,375,Y,9,116061.1,Basic
2,1,2009,N,N,7965,408,521,Y,10,116146.9,Basic
4,6,1996,Y,Y,8264,5987,269,N,3,117207.6,Basic
7,10,2018,N,Y,9977,1139,569,Y,8,118555.8,Basic
10,3,1993,N,N,7901,9093,337,Y,1,122122.3,Basic
9,4,2015,Y,Y,9592,732,592,N,1,122471.5,Basic
2,8,2002,Y,N,9607,9203,966,N,3,123054.2,Basic
10,3,1997,N,N,1662,4926,884,N,7,126268.7,Basic
6,1,1990,N,N,2530,93,389,Y,8,126775,Basic
2,3,2018,N,Y,817,2943,873,Y,1,127840.8,Basic
9,1,2010,Y,N,3446,7961,393,Y,6,128255,Basic
10,7,1994,N,N,7111,4200,130,N,4,128837.4,Basic
1,1,2001,N,Y,9002,6342,283,Y,7,128928.1,Basic
10,9,2008,N,Y,4159,4,390,N,3,130440.8,Basic
7,8,1991,Y,Y,6093,4476,618,N,6,131117.1,Basic
7,5,2018,Y,N,7658,4339,113,N,9,133536.8,Basic
10,1,2005,N,Y,4394,5959,390,Y,7,134386.5,Basic
4,7,2009,N,Y,5233,6844,988,N,9,134967.9,Basic
2,3,1996,Y,Y,5208,6983,591,Y,10,135115.6,Basic
2,1,2016,N,Y,2060,4922,605,N,1,135751.6,Basic
1,9,2016,N,Y,4196,2538,210,N,6,139934.6,Basic
7,6,2020,N,N,3576,8147,404,Y,6,140104,Basic
9,3,2005,N,Y,8261,195,772,Y,7,141631.5,Basic
8,9,1994,N,N,8590,1810,169,Y,2,141991.4,Basic
7,7,1998,N,N,3579,9146,714,N,7,142485.8,Basic
2,2,2021,Y,Y,9301,3325,137,N,4,142745.1,Basic
2,7,1990,Y,Y,5500,1362,185,Y,3,143541,Basic
10,1,1992,N,Y,6022,9126,692,Y,7,143843.2,Basic
6,6,2016,Y,N,6201,430,607,N,0,145834.6,Basic
10,9,2018,Y,Y,1285,8119,869,Y,10,146181.8,Basic
6,10,1994,Y,N,8485,2024,278,Y,6,146708.4,Basic
8,3,1995,Y,N,3231,9485,757,N,0,147495.5,Basic
8,4,1998,N,Y,6851,481,538,N,8,148112.8,Basic
1,3,2006,Y,Y,3303,5078,977,N,5,148234.6,Basic
7,4,2016,N,N,1682,3528,703,N,10,148347.6,Basic
2,10,2009,Y,N,9089,9909,750,N,7,148407.9,Basic
9,8,2009,N,N,2450,4135,225,Y,9,148540.9,Basic
2,4,1998,Y,N,2848,5969,317,Y,5,148835.8,Basic
8,4,1993,Y,Y,3900,1985,879,N,8,149234.3,Basic
8,3,2012,Y,N,257,988,507,N,9,150945.2,Basic
7,1,2009,N,N,9078,5907,286,N,5,152267.9,Basic
7,5,2001,Y,N,6767,8177,198,Y,7,153756.1,Basic
9,7,2020,N,N,671,6270,895,Y,8,154560,Basic
2,9,2002,Y,Y,2504,8951,718,N,10,155010.2,Basic
10,2,2001,N,Y,1049,2301,354,N,10,156371.1,Basic
6,4,2005,Y,N,2062,8379,946,Y,0,160603.5,Basic
2,8,2013,N,Y,9322,7211,304,Y,0,161885.3,Basic
10,8,2016,N,N,5798,2548,277,N,5,163475.6,Basic
3,1,1999,N,Y,6845,8727,220,N,9,165820.9,Basic
5,9,1994,Y,Y,3569,5899,526,Y,6,166341.4,Basic
5,6,1996,N,N,701,2562,115,Y,9,167143.6,Basic
3,6,2004,N,N,8175,3264,923,Y,9,167249.4,Basic
8,2,1994,N,N,8337,6615,944,Y,10,168399.4,Basic
9,2,1990,Y,N,28,7047,691,N,4,168970,Basic
2,4,2015,Y,N,9685,2108,659,Y,5,169944.5,Basic
1,5,2003,N,Y,7153,5942,113,Y,4,171840.3,Basic
9,10,2001,Y,N,8237,7085,900,N,5,172086.1,Basic
2,2,1992,N,Y,9289,5919,538,N,10,174521.2,Basic
10,7,2018,Y,Y,2647,7509,550,N,8,174792.8,Basic
9,1,2006,N,N,2917,3696,714,Y,1,174850.6,Basic
2,3,2017,N,Y,2590,425,659,Y,4,174918.7,Basic
2,9,2001,Y,N,8472,1206,601,N,2,175018.1,Basic
7,6,2009,N,Y,9311,1698,218,N,4,176425.9,Basic
8,8,2014,N,Y,3403,1447,904,Y,3,179334.4,Basic
1,1,1997,N,Y,8360,2070,142,N,4,180265.7,Basic
9,2,1991,N,N,9587,1716,959,Y,0,181859.1,Basic
1,5,2019,Y,Y,5665,6968,866,Y,10,182644.9,Basic
8,8,2002,Y,N,6240,8680,497,Y,2,182838.2,Basic
6,7,1998,Y,Y,4996,9775,839,N,2,184784.8,Basic
1,6,2013,Y,Y,5466,4262,355,Y,2,185004.3,Basic
3,5,2000,Y,N,1421,387,176,Y,0,187470,Basic
1,4,2020,N,Y,7001,5455,596,Y,8,188275,Basic
4,8,1992,Y,Y,1757,7469,937,N,10,190497.2,Basic
9,6,1994,Y,N,4447,703,301,Y,6,191971.4,Basic
1,10,2006,N,Y,1576,3923,883,N,7,192160.6,Basic
2,2,1997,Y,N,5250,3664,262,Y,10,193030.7,Basic
7,3,2000,Y,Y,4361,8624,355,N,3,193540,Basic
10,9,2015,N,N,3200,4500,594,N,6,194035.5,Basic
2,8,2011,Y,Y,9381,2689,382,Y,9,194307.1,Basic
7,3,2005,Y,N,504,9965,830,N,1,195927.5,Basic
5,7,2010,Y,Y,2790,8756,655,N,5,196856,Basic
10,10,2013,Y,Y,8878,2035,385,N,6,198209.3,Basic
2,7,2008,Y,N,722,4156,484,N,1,198774.8,Basic
2,2,2018,N,Y,3550,6866,408,N,4,199583.8,Basic
7,9,2000,Y,Y,2316,2875,932,N,9,201809,Basic
2,5,2009,Y,N,5879,9334,254,Y,7,201865.9,Basic
2,10,2009,N,N,3038,4154,505,N,2,207245.9,Basic
4,8,2020,Y,Y,8776,2454,213,Y,10,207433,Basic
8,5,2002,N,N,7044,9640,992,N,1,207490.2,Basic
9,1,1997,Y,Y,8149,7896,600,Y,5,207531.7,Basic
10,5,2014,N,Y,5580,7186,690,N,7,210233.4,Basic
1,10,2016,N,Y,6984,8177,340,Y,6,210585.6,Basic
6,10,1991,N,Y,633,1163,851,N,6,213708.1,Basic
1,4,2002,N,Y,7468,1741,851,Y,7,216333.2,Basic
9,1,1994,Y,Y,5773,735,236,Y,0,216518.4,Basic
3,5,2018,N,Y,2916,662,653,N,2,217519.8,Basic
5,10,2016,N,N,2378,9840,863,Y,4,218834.6,Basic
8,1,1990,N,N,292,7462,529,Y,9,219290,Basic
10,9,2000,N,Y,3154,9873,698,Y,8,219749,Basic
7,4,2018,Y,N,129,9402,838,N,2,220656.8,Basic
4,6,2020,Y,N,31,6050,447,Y,5,221187,Basic
7,10,1992,N,Y,1685,7574,978,Y,3,221299.2,Basic
5,4,2021,N,N,5209,2362,799,N,9,222104.1,Basic
4,5,2009,Y,Y,8405,9851,570,N,10,223018.9,Basic
4,4,2003,N,N,2069,3203,103,Y,5,223041.3,Basic
3,5,1990,Y,N,679,8105,995,Y,10,223821,Basic
3,5,2000,N,Y,4784,3327,711,Y,3,224310,Basic
1,1,2015,N,Y,9881,6101,384,N,7,226661.5,Basic
5,8,1990,Y,Y,1100,8532,676,Y,4,226782,Basic
9,1,1999,N,Y,9578,3627,748,Y,2,226924.9,Basic
10,10,1995,Y,N,9360,3301,225,Y,7,228087.5,Basic
8,6,1990,N,N,8498,6782,263,Y,4,229172,Basic
6,4,2012,Y,N,8380,1472,470,Y,0,234237.2,Basic
1,1,2001,Y,Y,7075,3706,165,N,1,235096.1,Basic
4,6,2016,N,N,3401,6666,190,Y,3,236576.6,Basic
7,9,2008,Y,Y,6003,8724,267,N,0,237020.8,Basic
4,8,2020,Y,Y,6054,1842,161,Y,5,237756,Basic
7,1,2018,N,N,4104,4728,723,N,8,239411.8,Basic
1,1,2003,N,N,8041,7294,736,Y,4,241014.3,Basic
9,1,1997,Y,N,1806,5221,870,N,0,244305.7,Basic
4,3,2010,N,N,5977,1702,970,Y,7,244992,Basic
8,9,2010,Y,Y,9559,9771,947,Y,1,246001,Basic
2,9,2000,Y,N,7635,681,376,N,6,247791,Basic
2,4,2019,N,N,464,3463,510,N,1,248869.9,Basic
3,8,1990,Y,Y,170,9533,158,Y,4,251247,Basic
7,7,2012,Y,Y,554,9690,833,Y,8,252179.2,Basic
7,9,1999,Y,N,7789,6915,236,N,3,252875.9,Basic
9,5,2013,N,N,5345,890,884,Y,3,253611.3,Basic
3,1,2009,N,N,8057,4199,461,Y,3,254139.9,Basic
8,2,2018,Y,Y,6275,3031,866,Y,0,255027.8,Basic
8,8,1998,N,Y,9107,5150,750,N,5,256655.8,Basic
10,5,2018,N,N,264,4785,669,Y,0,258795.8,Basic
7,8,1991,N,N,1933,4977,473,N,7,261533.1,Basic
5,6,2017,N,N,6182,5053,895,N,1,264370.7,Basic
8,5,1999,Y,N,4860,9135,986,Y,0,264728.9,Basic
3,8,1991,N,Y,2238,8328,359,N,5,266129.1,Basic
3,9,2004,Y,Y,5566,1603,989,Y,1,267488.4,Basic
1,5,2016,N,N,7247,9670,987,N,8,267798.6,Basic
10,8,2015,Y,N,4370,5260,595,Y,4,268725.5,Basic
4,10,2012,N,N,7248,6156,545,N,1,270146.2,Basic
3,9,2012,N,Y,1987,7304,597,N,6,271564.2,Basic
10,8,2021,N,N,1143,1640,443,N,1,271693.1,Basic
7,3,2010,N,Y,2676,1879,936,Y,8,272104,Basic
7,10,2019,N,Y,5868,4566,288,Y,9,272272.9,Basic
8,9,2018,Y,N,5216,1613,829,N,1,272493.8,Basic
8,5,2000,Y,Y,3827,3127,880,Y,1,273858,Basic
7,6,2006,N,Y,3740,2990,560,Y,8,275276.6,Basic
8,2,1996,Y,Y,8385,859,474,N,8,276139.6,Basic
3,6,1992,Y,Y,6996,1984,597,N,3,277462.2,Basic
9,9,1998,N,N,1359,9623,475,Y,9,278798.8,Basic
3,6,2008,N,N,5909,232,251,N,1,279807.8,Basic
9,2,2014,Y,Y,9573,3744,146,Y,1,280421.4,Basic
9,6,1991,N,Y,5157,2004,872,N,9,281030.1,Basic
3,6,2016,Y,N,5401,9395,380,Y,6,282383.6,Basic
4,3,2015,Y,Y,4978,6403,632,N,9,282475.5,Basic
8,2,2014,Y,N,4719,7771,310,Y,9,283446.4,Basic
9,5,2006,N,Y,7795,43,415,N,9,283521.6,Basic
6,9,2011,Y,Y,9526,1705,490,Y,10,284702.1,Basic
9,5,2014,Y,Y,2993,7216,905,N,0,285274.4,Basic
7,9,2015,N,Y,4772,8706,254,Y,0,285666.5,Basic
3,5,1992,Y,Y,8811,8161,899,Y,0,287893.2,Basic
4,4,2004,Y,N,6848,5362,294,Y,10,288797.4,Basic
2,3,2012,Y,N,3800,4235,984,N,0,290875.2,Basic
2,5,2017,N,N,9590,5923,293,N,10,290996.7,Basic
8,3,2008,N,Y,6657,1261,604,N,1,292915.8,Basic
1,4,1995,N,Y,6884,4604,653,Y,4,296378.5,Basic
9,4,2002,Y,Y,1757,6440,549,Y,0,298074.2,Basic
10,4,2018,N,N,3500,733,732,N,9,298537.8,Basic
8,7,1998,N,N,322,9204,166,N,7,299982.8,Basic
4,2,2011,N,N,7032,564,943,N,1,301138.1,Basic
4,1,2018,N,N,98,8871,690,Y,2,301147.8,Basic
9,2,2005,N,Y,4470,8588,851,Y,9,302523.5,Basic
3,3,2019,Y,Y,9970,9684,569,Y,10,303184.9,Basic
6,1,1993,N,Y,3732,5916,575,Y,8,303807.3,Basic
5,8,2020,N,Y,7963,2257,185,N,0,305014,Basic
7,5,1993,Y,N,516,6028,410,Y,10,306019.3,Basic
10,3,1997,Y,Y,8290,1581,200,N,9,312271.7,Basic
10,3,1996,Y,Y,4581,1348,208,N,7,313086.6,Basic
6,5,2017,N,Y,3238,5632,282,N,5,320868.7,Basic
6,6,2004,Y,Y,9709,6168,338,N,5,322180.4,Basic
1,7,2001,Y,N,3230,2889,971,N,8,322194.1,Basic
7,10,2003,N,N,4243,8094,876,N,8,322507.3,Basic
9,1,2017,N,Y,546,5839,784,N,10,322767.7,Basic
3,5,2016,N,N,1038,4145,158,Y,9,322863.6,Basic
4,6,2016,N,Y,4313,5053,524,Y,6,323109.6,Basic
1,7,2015,N,Y,9865,2992,150,Y,10,323586.5,Basic
5,10,2004,Y,N,9186,4968,580,N,7,323978.4,Basic
1,2,2009,N,Y,2737,9233,820,Y,5,327022.9,Basic
7,10,1997,Y,Y,5321,8564,899,Y,10,327481.7,Basic
1,9,2010,Y,Y,3937,4002,969,N,4,330590,Basic
5,10,1992,N,Y,5883,9841,261,Y,8,330701.2,Basic
1,7,1990,N,N,8185,9120,343,Y,8,331095,Basic
7,4,2013,Y,N,6538,5379,172,N,2,333334.3,Basic
4,9,2008,N,Y,7466,8347,202,N,10,333538.8,Basic
1,8,2014,N,N,9251,169,978,Y,0,336316.4,Basic
7,7,2000,Y,N,7763,6684,164,Y,4,340857,Basic
3,7,2004,N,N,7541,5334,717,N,10,341544.4,Basic
5,9,1992,N,N,1689,8214,453,N,5,342685.2,Basic
5,6,2004,N,Y,5841,2608,281,N,0,344710.4,Basic
1,8,1992,Y,N,828,8074,845,N,1,345268.2,Basic
5,8,1997,Y,N,8817,3949,148,Y,4,346109.7,Basic
2,3,1993,Y,Y,5115,8626,915,N,8,347934.3,Basic
9,6,2016,Y,N,6261,5616,484,Y,2,349192.6,Basic
7,1,2009,N,Y,3419,9213,455,N,10,350289.9,Basic
2,2,2001,N,N,6278,8530,928,Y,0,351335.1,Basic
8,7,2003,Y,N,1675,2655,363,N,3,354696.3,Basic
8,8,2001,N,N,6823,9422,106,N,1,355370.1,Basic
7,2,1991,Y,Y,4712,2468,310,N,8,356564.1,Basic
8,6,2013,Y,Y,1565,5840,975,N,2,357856.3,Basic
2,1,1999,Y,Y,6224,8261,338,N,4,358050.9,Basic
4,8,1995,N,Y,2341,9095,962,Y,10,358689.5,Basic
4,1,2003,N,Y,5811,6473,900,N,0,359850.3,Basic
9,8,1999,N,N,9642,1296,641,Y,2,362218.9,Basic
9,8,2019,Y,Y,6355,9665,562,N,6,362799.9,Basic
6,7,2007,Y,N,4145,6135,517,Y,4,362853.7,Basic
10,3,1995,Y,Y,3114,5581,510,N,1,363088.5,Basic
3,7,2001,Y,Y,7358,5830,386,Y,10,365064.1,Basic
4,4,1999,N,N,7887,9074,702,N,3,365077.9,Basic
4,3,1991,Y,Y,2249,9889,202,Y,9,369764.1,Basic
9,2,2003,N,N,5011,7119,814,N,10,375031.3,Basic
3,1,1992,N,N,5900,3735,375,N,5,375162.2,Basic
7,3,2004,N,Y,2201,3857,590,Y,0,375675.4,Basic
2,10,2010,N,N,5815,9834,240,Y,3,378299,Basic
8,4,1990,Y,N,443,1872,642,N,8,378944,Basic
3,1,2019,N,N,3992,5905,563,N,2,380273.9,Basic
1,3,2015,Y,Y,4314,8563,143,N,0,381031.5,Basic
5,4,2003,N,N,4511,5874,838,N,10,381105.3,Basic
9,10,1995,Y,Y,6117,1139,463,N,5,382598.5,Basic
9,1,2011,Y,Y,6682,7735,546,Y,3,383235.1,Basic
10,8,2021,N,N,319,3282,864,N,3,383898.1,Basic
1,6,2010,Y,Y,1717,3434,289,N,4,385045,Basic
3,8,2014,Y,N,8370,4907,366,N,4,385544.4,Basic
5,6,2019,N,Y,3191,6677,305,N,0,386574.9,Basic
10,4,2007,N,Y,4221,7909,149,Y,8,386744.7,Basic
2,4,1991,N,Y,3153,7157,619,Y,3,388147.1,Basic
6,4,1999,N,Y,8829,1920,456,N,5,392397.9,Basic
8,7,2009,Y,Y,6606,1877,378,Y,10,393085.9,Basic
1,6,2013,N,N,8299,9128,246,N,6,394027.3,Basic
6,7,1995,N,N,2453,8700,358,Y,8,394535.5,Basic
4,7,2011,Y,Y,8631,8798,569,N,9,395955.1,Basic
7,4,1993,N,Y,1270,5682,590,N,9,398525.3,Basic
7,5,1993,Y,N,7470,3744,669,Y,0,398629.3,Basic
10,3,1991,Y,N,440,7209,359,N,9,398719.1,Basic
5,9,2019,N,Y,7642,7460,933,Y,5,398973.9,Basic
8,9,1996,Y,Y,8765,9222,848,Y,10,399892.6,Basic
5,4,1999,N,N,3247,3166,101,Y,0,402010.9,Basic
5,3,1991,N,N,3277,7419,574,Y,6,404475.1,Basic
8,7,2017,Y,Y,8612,8381,811,N,7,404625.7,Basic
2,4,2020,N,Y,339,1049,245,N,1,404732,Basic
7,1,1991,N,Y,6351,1647,511,Y,7,406628.1,Basic
4,9,2005,N,N,2551,1820,847,Y,4,406778.5,Basic
3,5,2002,N,N,3990,9377,287,Y,4,407002.2,Basic
5,5,2003,N,N,6946,2891,630,N,2,411451.3,Basic
8,3,2000,Y,N,7950,3949,741,N,8,413304,Basic
1,10,2012,N,N,1660,1157,433,Y,8,414319.2,Basic
4,8,1996,N,N,8440,9977,961,Y,4,415562.6,Basic
3,9,2003,N,Y,2662,8741,975,N,7,415756.3,Basic
5,1,1997,N,N,9450,7345,879,N,9,415922.7,Basic
9,5,2013,N,Y,7534,9588,923,N,4,416148.3,Basic
6,8,2014,N,Y,2978,6507,829,N,0,419095.4,Basic
3,2,2000,Y,N,2774,9439,254,Y,5,419550,Basic
9,5,2001,Y,N,2606,7650,326,Y,5,420560.1,Basic
7,2,2021,N,Y,4806,909,999,N,2,421086.1,Basic
2,3,2004,N,N,3883,7004,393,Y,6,421086.4,Basic
1,6,1994,Y,N,186,2627,559,Y,2,421906.4,Basic
2,1,2007,Y,Y,8886,3714,423,N,10,422514.7,Basic
4,9,2003,N,Y,8268,4194,285,Y,5,422549.3,Basic
7,1,2019,Y,Y,261,9825,909,N,6,423295.9,Basic
6,1,1999,Y,Y,8359,4050,819,N,4,423479.9,Basic
6,5,1990,N,N,5298,8975,961,Y,3,423978,Basic
10,6,2001,N,N,5829,7861,200,N,2,427872.1,Basic
5,7,2020,Y,Y,5778,8903,268,Y,5,429800,Basic
8,5,2003,N,Y,7067,6792,685,Y,10,430099.3,Basic
9,9,1990,N,N,137,6883,786,Y,9,430459,Basic
8,10,2003,Y,N,3660,7332,509,N,3,432778.3,Basic
7,6,2002,N,N,6579,4499,987,N,9,433150.2,Basic
2,9,2016,Y,N,2648,2283,667,N,10,433557.6,Basic
5,8,2018,N,N,3421,3905,496,N,1,435301.8,Basic
7,1,1997,Y,N,9610,6846,918,N,8,436269.7,Basic
2,4,2018,N,Y,6036,5694,117,Y,9,437389.8,Basic
8,3,2014,N,N,6852,4574,723,N,0,438335.4,Basic
4,2,2020,Y,Y,9765,5276,563,Y,7,440119,Basic
7,8,1999,Y,Y,8230,5070,840,Y,8,440424.9,Basic
10,10,2014,N,Y,4474,6233,740,Y,1,440518.4,Basic
5,4,1991,N,Y,4112,3799,993,Y,9,441287.1,Basic
1,7,2018,N,N,5226,2885,225,N,4,441384.8,Basic
3,9,2012,N,N,1424,8627,735,Y,3,441738.2,Basic
3,9,2000,Y,Y,3227,7842,229,N,2,442758,Basic
9,8,2021,Y,N,4055,1482,713,Y,6,443641.1,Basic
5,5,2004,N,N,9410,5772,326,Y,7,444238.4,Basic
4,4,2006,N,N,8249,6409,357,N,5,445694.6,Basic
3,8,2016,Y,Y,9845,3640,851,Y,1,450428.6,Basic
2,10,2015,N,Y,9586,8645,745,Y,2,451747.5,Basic
10,4,2006,Y,Y,4483,2631,419,Y,8,451954.6,Basic
3,2,2012,N,Y,7372,2442,578,Y,2,453762.2,Basic
10,2,1996,N,Y,9331,3527,205,N,0,453812.6,Basic
1,6,2002,N,Y,6586,203,412,N,0,455382.2,Basic
6,2,2016,N,N,8239,4592,620,N,0,456361.6,Basic
2,10,2020,Y,N,6917,2097,272,Y,4,456380,Basic
5,9,1999,N,Y,5661,7505,199,Y,10,457573.9,Basic
8,6,2002,N,Y,6372,8791,977,Y,0,462779.2,Basic
10,2,1993,Y,Y,3684,6977,416,N,8,464557.3,Basic
3,5,2014,Y,N,3971,559,394,N,8,465858.4,Basic
9,7,1995,N,N,8439,5627,507,Y,3,466004.5,Basic
3,10,2009,Y,N,872,7715,311,N,10,468494.9,Basic
6,7,2013,Y,Y,9026,7901,275,Y,4,469343.3,Basic
2,1,2004,N,N,4892,4557,452,Y,7,471304.4,Basic
4,1,2020,Y,Y,9437,5922,972,N,8,472741,Basic
3,2,2010,Y,Y,4343,7730,749,Y,7,474915,Basic
3,6,1994,N,N,6301,9229,273,N,8,477285.4,Basic
7,5,2007,Y,Y,7325,6629,813,Y,0,478449.7,Basic
7,6,2002,Y,Y,2669,7729,552,Y,3,478917.2,Basic
9,4,2011,Y,N,4590,4074,347,N,10,480525.1,Basic
10,1,1995,Y,Y,806,9281,456,N,3,481417.5,Basic
2,8,2005,N,N,575,1391,604,N,6,481620.5,Basic
7,5,2016,Y,N,5704,9010,942,N,3,483681.6,Basic
2,8,1998,N,N,4966,1820,170,Y,2,484773.8,Basic
8,7,2003,Y,N,4742,4187,923,N,6,484933.3,Basic
9,9,1993,Y,Y,4292,5196,528,Y,10,485037.3,Basic
3,6,2006,N,Y,6414,8347,779,N,9,485590.6,Basic
2,2,2015,N,N,7001,602,870,Y,1,486151.5,Basic
9,5,2012,Y,Y,7864,8011,404,N,2,486403.2,Basic
2,3,1993,Y,N,4233,7138,541,N,8,486479.3,Basic
5,5,1995,N,Y,2788,4069,839,Y,0,486824.5,Basic
2,10,2004,N,N,6732,2093,307,Y,9,488123.4,Basic
6,5,1995,N,N,3715,24,786,Y,1,489132.5,Basic
9,6,1990,Y,N,5851,1579,473,N,6,489455,Basic
9,3,1993,Y,Y,5351,1350,650,Y,6,490232.3,Basic
6,3,2008,N,N,457,1430,641,Y,3,490922.8,Basic
5,1,2017,Y,Y,2617,3629,803,N,3,491123.7,Basic
10,7,1999,Y,N,9281,1993,932,Y,4,491173.9,Basic
1,3,2007,N,N,6456,7884,712,Y,6,493342.7,Basic
7,8,1993,N,N,9519,8043,718,N,6,493693.3,Basic
2,1,2008,N,N,8781,1584,599,Y,10,493917.8,Basic
7,5,1995,N,N,8050,2871,296,Y,4,494065.5,Basic
8,6,2002,N,N,2360,9376,317,N,4,495134.2,Basic
1,7,1992,N,Y,9078,5734,739,Y,6,497373.2,Basic
2,4,2019,N,Y,8694,4792,453,Y,9,498519.9,Basic
7,2,1998,Y,N,1049,2100,301,Y,3,503297.8,Basic
9,6,1999,Y,Y,2804,7905,305,Y,3,504173.9,Basic
6,10,2005,Y,N,7797,5959,880,Y,10,505976.5,Basic
1,5,1993,Y,N,9420,7264,343,N,5,506461.3,Basic
2,1,1998,N,N,3093,9458,871,Y,4,508566.8,Basic
2,6,1991,Y,N,749,123,279,Y,8,508665.1,Basic
6,7,2010,N,N,9117,1158,134,Y,10,510147,Basic
2,7,2000,N,Y,1795,376,512,Y,9,514415,Basic
5,7,2010,N,N,1113,6356,987,N,10,514459,Basic
3,2,2006,Y,Y,3465,7684,882,Y,0,515580.6,Basic
10,7,1997,Y,Y,5208,4222,860,N,1,516232.7,Basic
6,1,2003,Y,N,5717,3748,145,Y,8,516329.3,Basic
4,8,2010,N,N,4010,169,597,Y,1,517460,Basic
4,3,2018,N,Y,9147,3784,926,Y,6,517775.8,Basic
1,4,1994,N,N,2307,8414,974,Y,5,519772.4,Basic
6,1,2018,N,N,3199,5389,215,Y,2,520566.8,Basic
7,3,2005,N,N,8342,4705,742,N,0,521650.5,Basic
2,3,2013,N,N,6823,7715,864,N,6,521772.3,Basic
10,5,2007,N,N,3300,3841,221,N,4,522829.7,Basic
6,6,2013,N,Y,575,9677,248,Y,2,523333.3,Basic
10,5,1998,N,N,8060,6548,517,Y,2,525841.8,Basic
10,7,2003,N,N,4575,4964,920,Y,1,526474.3,Basic
4,4,1990,N,N,7260,1845,266,Y,4,527165,Basic
6,5,2004,N,Y,707,8317,209,Y,3,527493.4,Basic
3,4,1993,N,Y,3509,3333,421,Y,8,529032.3,Basic
7,2,1992,Y,Y,4593,3624,959,N,7,529991.2,Basic
1,3,2014,Y,Y,2881,1324,659,Y,9,530890.4,Basic
3,8,1998,Y,Y,2117,4370,205,N,6,532545.8,Basic
6,5,2016,N,Y,3804,6242,800,Y,3,533700.6,Basic
6,7,2000,Y,Y,1666,4155,377,Y,10,535227,Basic
2,10,2011,N,N,2155,7363,419,Y,2,538173.1,Basic
4,9,1994,N,Y,2706,9104,239,N,6,539067.4,Basic
5,8,2002,N,N,6996,1230,155,N,10,541400.2,Basic
9,6,1993,Y,N,7013,7784,260,N,7,541599.3,Basic
1,8,2017,N,Y,2030,6104,939,N,8,543793.7,Basic
9,9,2021,Y,N,4380,8536,644,N,9,545595.1,Basic
10,6,1990,N,Y,4346,3164,105,Y,1,545933,Basic
10,3,2017,Y,Y,7475,9621,142,N,7,546201.7,Basic
3,7,2020,N,N,8171,1111,525,N,6,547066,Basic
1,6,1992,Y,Y,4286,3897,215,Y,2,547357.2,Basic
9,2,2011,N,Y,9049,9409,470,Y,5,548835.1,Basic
2,7,2000,Y,N,7932,4945,716,Y,3,549119,Basic
10,3,2010,N,N,2524,7106,120,N,3,550909,Basic
1,5,1998,Y,Y,1553,4370,361,Y,10,551668.8,Basic
4,10,2006,N,N,3309,9540,226,N,4,552196.6,Basic
9,1,1992,N,Y,5960,5531,637,N,5,552405.2,Basic
2,4,1992,N,N,1207,5365,705,Y,7,552681.2,Basic
6,7,2002,Y,N,375,6527,976,Y,9,553320.2,Basic
3,8,2010,Y,N,5871,6172,335,Y,6,553876,Basic
3,4,2002,N,Y,4645,7088,337,Y,6,554002.2,Basic
6,3,1992,N,Y,6778,9131,442,N,4,554027.2,Basic
7,5,2011,N,N,7525,5416,189,Y,7,557067.1,Basic
2,9,2017,N,Y,637,3512,315,Y,6,557404.7,Basic
9,5,1996,N,N,8798,1538,440,Y,0,558369.6,Basic
5,4,1995,N,N,9042,5851,752,N,6,559407.5,Basic
8,4,1990,N,Y,9447,4528,841,N,2,559951,Basic
8,6,2012,N,Y,3974,5726,762,N,2,560359.2,Basic
3,6,1994,N,Y,5818,1570,825,N,0,562211.4,Basic
8,6,2003,Y,Y,7331,7773,748,Y,1,563383.3,Basic
10,8,2011,Y,N,5688,9298,476,N,5,564350.1,Basic
3,10,2019,N,Y,6421,3418,926,N,5,564773.9,Basic
7,5,2014,N,N,8539,1227,747,Y,5,565361.4,Basic
7,4,1996,N,N,7397,8570,308,Y,10,566525.6,Basic
5,8,2014,N,Y,756,2685,265,Y,6,566535.4,Basic
1,10,1992,Y,N,746,6398,627,Y,5,566684.2,Basic
10,9,2010,N,Y,5773,8839,368,Y,0,567203,Basic
2,2,2018,Y,Y,8766,2956,313,N,0,567329.8,Basic
3,5,2012,N,N,4958,8594,122,Y,5,568560.2,Basic
2,8,1994,N,N,882,4726,814,Y,3,570043.4,Basic
3,9,1994,Y,N,5183,7864,436,Y,9,570150.4,Basic
4,3,2010,N,N,2946,2894,547,N,2,571738,Basic
4,7,2005,Y,N,73,3204,276,N,7,574164.5,Basic
5,4,2013,N,N,9344,600,747,N,8,574843.3,Basic
8,9,2018,Y,Y,1638,986,442,Y,0,576081.8,Basic
6,4,1995,N,N,8269,3091,643,N,7,576089.5,Basic
3,9,2009,Y,Y,4343,7107,498,Y,6,576509.9,Basic
8,6,1999,N,Y,1418,7786,712,Y,1,577145.9,Basic
3,8,2001,Y,N,5294,9984,276,N,5,578196.1,Basic
3,2,2018,Y,N,2936,4869,203,N,2,579242.8,Basic
8,2,1999,Y,N,3551,6405,998,Y,9,580706.9,Basic
2,8,1990,Y,N,387,9537,308,Y,9,581130,Basic
1,5,2014,Y,Y,3004,254,797,Y,10,582907.4,Basic
2,10,1996,N,Y,3529,2065,548,Y,2,583642.6,Basic
6,1,2010,Y,Y,542,9793,465,Y,9,583663,Basic
8,3,2010,Y,Y,9805,6107,292,Y,1,586009,Basic
5,1,2006,N,N,8627,7206,857,Y,8,587160.6,Basic
4,8,2005,N,Y,1964,1073,159,Y,2,588379.5,Basic
4,8,2009,Y,N,7993,2585,672,N,5,588467.9,Basic
5,8,2003,Y,N,3606,6150,922,Y,5,590397.3,Basic
1,4,2010,Y,N,5270,9562,435,Y,9,592006,Basic
4,5,1996,N,Y,2243,9048,269,N,4,592333.6,Basic
4,4,1998,Y,Y,1338,8428,253,N,5,592539.8,Basic
1,4,2021,N,N,237,7760,487,Y,6,593538.1,Basic
4,8,2009,N,N,5599,7795,399,Y,3,594047.9,Basic
8,7,2018,N,N,9801,8978,490,Y,1,595108.8,Basic
1,10,2014,N,Y,394,6921,619,N,4,597556.4,Basic
7,2,2016,N,N,4888,779,424,Y,5,598186.6,Basic
8,9,2012,N,Y,8073,6431,310,Y,3,598716.2,Basic
1,1,2005,Y,N,8767,3484,418,N,5,599038.5,Basic
8,10,2017,Y,N,9846,2192,243,Y,1,601173.7,Basic
7,6,2015,N,N,8233,6127,536,Y,8,601283.5,Basic
2,5,2004,N,N,4156,7574,258,N,4,601531.4,Basic
6,8,2021,N,N,293,9351,722,N,0,602374.1,Basic
10,8,2017,N,Y,3757,5650,433,N,6,604367.7,Basic
10,5,2009,N,N,7391,1692,487,Y,2,606466.9,Basic
8,7,2013,Y,N,392,2928,423,N,4,607323.3,Basic
7,7,2000,N,Y,3872,4019,944,N,8,608869,Basic
1,3,1992,Y,Y,8861,4976,348,Y,10,609401.2,Basic
4,7,1991,Y,N,6009,4414,244,N,4,609426.1,Basic
6,7,2019,Y,Y,3216,1084,679,Y,9,610176.9,Basic
2,3,2021,N,N,5072,8070,575,N,9,610305.1,Basic
5,10,2014,Y,Y,8621,9943,950,Y,5,610578.4,Basic
4,2,2015,N,N,5060,1128,780,N,5,610661.5,Basic
2,9,1995,N,N,9301,3177,539,N,6,611596.5,Basic
1,9,2016,N,N,8867,3057,158,N,9,612067.6,Basic
2,6,2003,Y,Y,3306,3635,295,N,2,612471.3,Basic
5,7,2015,N,Y,5330,5128,713,N,5,612527.5,Basic
6,10,1997,N,N,8352,8930,621,Y,1,613823.7,Basic
5,6,2004,Y,N,2248,6723,161,Y,0,614702.4,Basic
1,2,2012,Y,Y,6423,7934,846,N,10,615143.2,Basic
4,1,2019,Y,Y,7278,4702,861,Y,4,616891.9,Basic
8,1,2008,N,Y,5987,274,831,Y,9,617184.8,Basic
5,1,2004,Y,N,8341,1716,560,N,10,618710.4,Basic
9,2,2013,N,Y,8266,3652,217,Y,0,620272.3,Basic
10,8,2019,Y,Y,2474,9900,407,N,10,621350.9,Basic
5,5,2019,Y,Y,9278,8500,763,Y,10,625784.9,Basic
5,10,2018,Y,Y,5438,564,853,Y,0,625883.8,Basic
3,7,2007,N,N,5557,5120,221,N,10,626148.7,Basic
5,10,2017,Y,Y,7079,5797,408,N,4,626613.7,Basic
6,4,2016,N,Y,1898,8827,768,N,0,631188.6,Basic
8,1,1996,N,N,4461,1934,361,Y,0,636186.6,Basic
6,8,2000,N,Y,1781,2313,747,N,2,636262,Basic
5,1,2013,N,Y,3859,7504,933,N,2,639687.3,Basic
8,1,2002,Y,N,4176,7586,602,N,1,640585.2,Basic
2,4,1992,Y,N,9743,6046,133,N,0,640701.2,Basic
9,6,2014,Y,N,7458,8642,651,Y,0,641055.4,Basic
10,1,2013,Y,Y,9446,7211,696,Y,0,643101.3,Basic
6,6,2005,Y,N,413,3302,682,N,9,643620.5,Basic
6,2,1994,N,Y,4341,2967,328,N,3,644794.4,Basic
2,7,1991,N,Y,9768,1733,479,N,4,645862.1,Basic
9,1,2015,N,N,5343,6200,692,Y,10,646190.5,Basic
8,2,2008,N,N,6429,4256,785,N,7,646205.8,Basic
4,2,1996,N,Y,9136,3205,365,Y,2,646692.6,Basic
9,5,2008,N,N,3467,9572,918,Y,5,650272.8,Basic
2,9,1992,N,N,822,5489,568,Y,7,651720.2,Basic
10,3,2018,Y,N,2655,6299,372,N,9,652565.8,Basic
9,6,1994,Y,Y,4780,920,905,N,6,652595.4,Basic
6,2,1996,N,Y,5048,2439,635,N,0,652739.6,Basic
4,8,2002,Y,Y,9235,5399,978,N,2,653208.2,Basic
2,1,2020,Y,N,4674,5512,952,N,7,656911,Basic
2,7,2021,N,N,719,1178,884,Y,7,657002.1,Basic
10,6,2002,Y,Y,9958,4359,838,N,10,658467.2,Basic
1,7,2008,Y,N,5381,6047,739,Y,0,658946.8,Basic
9,4,2013,N,N,2209,6568,884,Y,3,661451.3,Basic
4,4,2008,N,N,7746,6634,346,N,6,662084.8,Basic
10,7,2006,Y,N,9468,4696,604,N,4,662852.6,Basic
10,4,2010,Y,Y,7115,5340,248,N,10,663333,Basic
10,1,1994,Y,Y,189,2178,518,N,8,663660.4,Basic
3,5,1997,N,N,715,154,832,N,6,665259.7,Basic
2,1,2004,Y,N,8331,9361,293,N,6,666360.4,Basic
8,6,2014,Y,N,3049,3677,396,N,7,666733.4,Basic
2,1,1994,N,N,8513,5113,587,Y,8,667067.4,Basic
4,10,2018,Y,N,5696,7493,894,Y,1,667494.8,Basic
5,4,2014,N,N,3945,945,468,Y,10,670292.4,Basic
7,2,2004,N,N,2538,5362,252,N,5,670298.4,Basic
1,4,2001,Y,Y,4976,5004,429,Y,0,673817.1,Basic
10,6,2016,N,Y,2785,927,384,Y,4,674121.6,Basic
1,5,1991,N,Y,2487,6458,307,Y,7,674285.1,Basic
9,4,1999,N,N,3114,9333,898,Y,10,674578.9,Basic
4,2,2020,Y,Y,551,6929,464,N,0,675399,Basic
6,5,2013,Y,Y,5201,565,303,N,10,680185.3,Basic
3,7,1998,N,N,8687,867,211,N,9,680406.8,Basic
4,8,2003,N,N,2700,8971,808,Y,4,683707.3,Basic
3,3,2008,Y,N,2693,8767,503,N,0,687517.8,Basic
2,9,2007,N,N,8070,9026,211,Y,6,689679.7,Basic
3,4,2016,N,N,3458,2396,264,Y,1,691629.6,Basic
8,5,2019,Y,N,1485,4997,247,Y,10,692409.9,Basic
10,1,2019,Y,N,5355,5529,732,Y,4,693484.9,Basic
7,9,2014,N,N,1437,7374,253,N,8,695809.4,Basic
10,1,1996,Y,N,1723,5850,263,N,10,697528.6,Basic
10,7,1997,N,Y,7781,4076,489,N,0,698524.7,Basic
4,5,2008,N,Y,2978,7347,942,Y,2,700525.8,Basic
3,3,2008,N,Y,6552,7160,893,Y,8,700650.8,Basic
3,1,1995,N,N,2829,230,589,N,2,703519.5,Basic
4,1,2020,N,Y,6341,5107,118,N,6,704035,Basic
6,4,2008,N,N,2653,8935,934,N,5,705568.8,Basic
1,8,2013,Y,Y,7534,6786,731,Y,10,707042.3,Basic
5,6,1992,Y,Y,8165,3244,858,Y,10,707137.2,Basic
9,9,1998,Y,Y,8494,6333,431,Y,1,707889.8,Basic
5,9,2007,N,Y,9675,3400,241,N,9,708136.7,Basic
9,10,2001,N,Y,5051,6478,534,Y,10,708252.1,Basic
9,2,2009,Y,Y,7499,8969,493,Y,3,709107.9,Basic
1,8,2010,Y,Y,1177,5633,958,Y,0,709874,Basic
7,2,2012,Y,N,9907,1932,728,Y,4,711173.2,Basic
1,10,1995,N,Y,7528,1094,219,N,9,711682.5,Basic
10,10,2012,Y,Y,9168,6768,912,Y,5,715591.2,Basic
8,7,2015,Y,Y,4011,7080,126,N,2,718273.5,Basic
7,1,2003,N,Y,4688,7376,371,N,4,722385.3,Basic
10,3,2014,Y,N,2714,4720,390,N,0,723077.4,Basic
7,10,1990,N,N,9507,641,142,Y,5,724105,Basic
1,1,2008,N,N,3658,4164,387,N,7,724159.8,Basic
7,4,2019,Y,Y,5916,2477,476,N,10,724979.9,Basic
4,10,2003,Y,N,9700,6972,140,N,5,725656.3,Basic
1,7,2009,Y,Y,2878,6963,778,N,9,726445.9,Basic
8,4,2004,Y,Y,7783,2287,299,Y,5,728462.4,Basic
1,1,1998,Y,N,9291,7433,273,N,9,732666.8,Basic
4,7,1994,Y,N,7782,2518,986,N,4,733776.4,Basic
4,5,2015,Y,N,2988,7824,766,Y,4,734763.5,Basic
1,4,2014,N,N,6482,2430,537,N,5,735079.4,Basic
2,10,2016,N,N,71,6680,403,Y,8,737475.6,Basic
4,1,2000,N,N,6445,440,631,Y,7,738168,Basic
5,9,2014,Y,N,4957,5927,690,N,4,740586.4,Basic
4,1,2011,Y,N,637,8932,878,Y,7,743576.1,Basic
10,6,1999,N,N,4919,3389,876,N,8,745551.9,Basic
1,6,1997,N,N,4996,8443,767,N,3,745873.7,Basic
6,10,2010,N,N,4918,8690,650,Y,6,746098,Basic
8,8,2005,N,N,3249,4423,503,N,1,748338.5,Basic
10,6,2013,N,Y,6817,568,786,N,5,748575.3,Basic
5,10,2007,Y,N,6351,10,945,Y,10,749433.7,Basic
9,9,2013,N,N,2823,7392,123,Y,4,749725.3,Basic
4,4,2018,Y,Y,4898,1814,366,Y,7,750538.8,Basic
9,3,1991,Y,N,4255,2350,300,Y,0,752083.1,Basic
5,10,2010,Y,Y,3443,206,208,N,3,752692,Basic
6,6,2020,N,N,7887,7022,773,N,10,752861,Basic
9,10,1996,Y,N,4328,6142,121,N,6,753009.6,Basic
10,3,1991,Y,N,1922,9826,208,N,10,753639.1,Basic
5,7,2002,Y,Y,9655,5678,840,Y,2,755909.2,Basic
3,2,2012,Y,Y,5069,1953,229,Y,10,756107.2,Basic
2,7,2004,Y,Y,1063,1542,456,N,2,756764.4,Basic
8,2,1999,N,Y,1734,3013,413,N,9,760180.9,Basic
9,10,2005,Y,N,1493,2457,183,Y,0,762915.5,Basic
8,8,1999,N,N,131,3040,604,N,0,763363.9,Basic
6,4,2013,Y,Y,874,3224,900,N,6,763978.3,Basic
4,7,2019,N,Y,7675,4430,951,Y,4,764900.9,Basic
4,3,2002,N,N,5403,5495,897,Y,9,765190.2,Basic
3,2,1996,Y,N,1337,6613,234,Y,3,765416.6,Basic
2,3,1999,Y,N,2142,7748,983,Y,7,765618.9,Basic
5,8,1996,Y,N,1016,2485,402,Y,9,767255.6,Basic
2,7,2014,Y,Y,937,2352,717,N,0,768431.4,Basic
6,4,2019,Y,Y,9516,8984,564,Y,7,769449.9,Basic
5,7,2011,N,Y,4194,717,755,Y,8,771290.1,Basic
4,8,1994,N,Y,610,3674,394,Y,2,775942.4,Basic
10,6,1993,N,Y,1057,7669,105,Y,3,777314.3,Basic
9,1,1998,Y,Y,4666,2621,459,N,4,777955.8,Basic
7,2,2004,N,Y,4456,5461,346,Y,1,781939.4,Basic
3,1,1994,Y,N,2111,5437,323,N,10,783295.4,Basic
6,7,1998,N,N,8583,1004,147,N,7,784603.8,Basic
6,10,1998,Y,N,5524,6452,780,Y,10,785517.8,Basic
4,6,2012,N,Y,3559,2197,722,Y,0,786725.2,Basic
6,2,1999,N,N,7627,8529,825,Y,3,786743.9,Basic
9,6,1993,Y,Y,1557,7124,258,Y,6,788123.3,Basic
1,9,2008,N,N,1463,6628,834,Y,5,789027.8,Basic
4,1,2007,N,N,5057,1317,391,N,8,792566.7,Basic
8,7,1991,N,Y,6134,5690,751,N,0,793551.1,Basic
5,7,2000,N,N,1939,119,743,Y,0,793852,Basic
7,7,1992,N,Y,9947,7138,418,Y,3,793981.2,Basic
3,10,2004,N,N,9789,1254,513,Y,1,794180.4,Basic
10,4,2018,N,Y,6257,7630,258,Y,1,796540.8,Basic
1,8,2019,Y,Y,10000,3431,676,Y,2,800462.9,Basic
8,10,2004,Y,Y,7958,820,745,N,2,802470.4,Basic
4,4,1990,Y,N,5205,2080,957,Y,7,803694,Basic
10,4,2010,N,Y,2492,9225,628,Y,10,803701,Basic
3,5,1994,N,Y,4987,4315,546,N,3,804141.4,Basic
3,5,2001,Y,N,314,3994,143,N,9,805480.1,Basic
6,4,1995,N,Y,4950,9245,770,Y,9,806234.5,Basic
1,4,2011,N,Y,7730,2237,889,N,8,806926.1,Basic
8,2,2012,Y,N,6296,6951,970,N,7,810755.2,Basic
3,7,1991,N,Y,9650,3097,507,N,7,811168.1,Basic
3,1,1992,N,N,2929,7491,468,N,6,811290.2,Basic
9,3,2016,N,Y,8673,5030,804,N,9,811991.6,Basic
4,6,1992,N,Y,2672,3488,762,N,1,815549.2,Basic
4,4,2014,N,Y,57,7754,645,Y,9,815961.4,Basic
8,8,2017,Y,Y,7951,8257,902,Y,3,817743.7,Basic
8,8,2019,Y,N,9290,2218,598,N,6,819245.9,Basic
3,7,1992,N,Y,4387,4757,570,Y,8,821804.2,Basic
7,2,2001,N,Y,9361,6799,434,Y,7,823318.1,Basic
2,7,1992,Y,N,5815,5817,948,N,7,825054.2,Basic
1,8,2004,N,Y,8466,5308,526,N,3,825389.4,Basic
7,2,2007,N,N,4949,5811,185,Y,6,826967.7,Basic
10,4,2009,Y,Y,4835,2461,511,N,5,828761.9,Basic
10,10,1995,N,Y,7508,4856,779,N,3,828785.5,Basic
2,7,2012,N,Y,5937,2755,374,Y,8,830539.2,Basic
10,1,2005,N,N,1713,5342,510,Y,1,831710.5,Basic
5,9,2021,N,Y,1225,9699,893,N,3,832684.1,Basic
2,9,2014,Y,N,4961,1343,561,N,9,832871.4,Basic
10,10,2019,N,Y,9668,8748,403,Y,4,834891.9,Basic
5,6,1991,N,N,8604,6303,568,N,9,836291.1,Basic
6,1,2005,Y,N,2740,5630,453,Y,10,837253.5,Basic
9,9,2001,N,Y,1648,3165,766,N,4,838488.1,Basic
3,1,2010,Y,N,7224,3558,757,Y,0,839157,Basic
7,6,2019,Y,N,1618,5529,833,N,10,842343.9,Basic
6,6,1990,N,Y,4081,5159,844,Y,1,842743,Basic
5,3,2016,N,N,6985,6031,710,N,4,842999.6,Basic
10,1,2012,N,Y,6047,8033,117,Y,9,846945.2,Basic
3,8,2021,Y,N,3371,1804,561,Y,3,847023.1,Basic
10,3,1994,N,N,1987,8326,365,N,5,847532.4,Basic
9,4,2011,N,Y,7546,2949,548,N,0,847621.1,Basic
4,5,2009,Y,Y,7805,5939,168,Y,4,848903.9,Basic
1,1,1998,Y,Y,5071,7075,844,N,6,848992.8,Basic
5,9,2002,N,Y,2918,9512,446,N,6,849213.2,Basic
3,9,2008,N,N,53,220,746,N,8,855584.8,Basic
3,1,1990,N,N,2561,3618,758,Y,3,856106,Basic
9,2,2018,Y,N,4113,1101,250,N,7,856430.8,Basic
10,1,2012,Y,Y,2261,8688,104,N,10,858004.2,Basic
9,8,1998,Y,Y,3152,3491,238,N,7,859540.8,Basic
2,3,2015,N,Y,5275,5429,755,N,5,860330.5,Basic
3,10,2010,N,N,2324,8987,537,Y,3,860887,Basic
8,10,1998,N,N,9256,8714,865,N,0,861004.8,Basic
3,4,1992,N,Y,1627,465,504,N,1,862453.2,Basic
4,4,1994,Y,N,5740,3187,249,Y,0,863829.4,Basic
2,7,2004,Y,N,899,766,742,N,8,863836.4,Basic
3,2,2003,Y,Y,7963,4528,198,N,0,866991.3,Basic
1,7,2018,N,N,2408,1292,781,Y,7,867204.8,Basic
9,5,2012,N,N,351,7554,482,Y,4,867508.2,Basic
2,1,2015,Y,N,5844,4576,421,Y,4,868189.5,Basic
1,4,1998,N,N,7339,7122,808,Y,2,872181.8,Basic
1,9,2003,Y,N,5122,9210,453,N,5,873296.3,Basic
2,2,2018,N,N,4450,8,600,Y,9,874129.8,Basic
1,4,2009,Y,Y,7193,9095,617,Y,9,875876.9,Basic
10,1,1996,N,N,927,579,839,N,3,875920.6,Basic
9,9,2003,Y,N,5944,3850,929,Y,9,875984.3,Basic
6,6,2021,Y,N,4070,8862,763,Y,7,876270.1,Basic
2,7,1991,N,N,1102,8896,535,Y,5,876520.1,Basic
4,8,1991,N,Y,3549,4686,574,N,9,876659.1,Basic
9,10,1994,N,N,342,8678,974,Y,10,877121.4,Basic
3,6,1993,Y,Y,7414,6075,710,Y,3,877525.3,Basic
8,9,1999,Y,Y,9242,1118,774,N,0,878147.9,Basic
9,4,2007,Y,Y,8277,4204,967,N,9,879427.7,Basic
10,8,2003,Y,N,2356,1865,651,Y,0,879516.3,Basic
6,1,2008,Y,Y,3641,7340,494,N,3,880925.8,Basic
2,9,2014,N,N,7170,1020,397,Y,7,887645.4,Basic
5,10,1998,Y,Y,9287,4979,416,N,5,888730.8,Basic
6,8,2020,Y,Y,2116,6349,775,N,3,893632,Basic
2,3,2014,Y,Y,1832,6736,878,N,3,895070.4,Basic
5,9,2016,N,N,173,6306,120,N,8,895624.6,Basic
4,3,2018,Y,Y,2174,3981,822,Y,4,896505.8,Basic
3,9,1997,N,N,5619,9872,999,N,1,896834.7,Basic
7,9,2001,Y,Y,2466,2087,906,Y,1,898429.1,Basic
3,5,2012,Y,N,3097,641,223,N,7,898488.2,Basic
8,4,2007,N,Y,1776,134,241,Y,0,898880.7,Basic
10,3,2011,Y,N,3985,7611,790,Y,9,899258.1,Basic
9,8,2005,N,Y,7434,6089,854,N,10,900011.5,Basic
9,8,1997,N,N,2495,4787,530,Y,7,902753.7,Basic
8,5,2012,N,N,7273,4065,987,N,1,902785.2,Basic
3,1,2004,N,Y,5401,6744,767,Y,4,904516.4,Basic
1,5,2000,Y,N,779,9037,482,N,10,904797,Basic
1,10,1997,Y,N,6189,2892,626,N,1,904889.7,Basic
6,1,2015,Y,N,6239,8870,149,N,9,905128.5,Basic
3,3,1990,N,N,4408,3138,826,N,5,905148,Basic
1,5,1991,N,Y,8295,2754,109,Y,2,905649.1,Basic
2,2,2016,Y,Y,8758,1125,574,N,0,905757.6,Basic
1,3,2014,N,N,5865,7112,250,Y,5,905963.4,Basic
10,5,2008,N,N,4716,3046,742,Y,2,906747.8,Basic
4,8,2007,Y,N,1790,9325,383,N,8,906900.7,Basic
4,8,2006,Y,N,3865,1094,508,Y,2,907584.6,Basic
8,6,2019,Y,Y,8933,8978,277,N,4,907736.9,Basic
10,10,1994,N,N,7745,8737,137,N,3,909459.4,Basic
9,9,2008,N,N,6869,2306,555,Y,3,913263.8,Basic
1,6,1997,Y,Y,7187,2578,472,Y,10,914381.7,Basic
8,8,1997,N,Y,1166,6357,151,Y,0,914629.7,Basic
5,9,1991,N,N,7149,9296,455,Y,2,917439.1,Basic
2,2,1996,N,Y,3760,1522,429,N,10,917869.6,Basic
4,1,2013,N,N,8449,5306,655,N,7,918377.3,Basic
2,5,2009,Y,N,8147,3620,841,N,4,919003.9,Basic
4,10,2009,N,N,6401,6536,488,N,8,922102.9,Basic
4,4,2004,N,N,6788,8968,332,N,6,922791.4,Basic
4,1,2015,Y,Y,6838,9438,842,Y,8,922847.5,Basic
3,4,2018,N,N,4946,8898,111,Y,7,923138.8,Basic
4,3,1994,Y,Y,6444,8319,219,Y,7,923577.4,Basic
4,9,1997,N,Y,823,7919,861,Y,8,923884.7,Basic
5,9,2010,Y,Y,5450,4963,661,N,9,926114,Basic
5,7,1990,Y,N,9184,1503,986,N,9,926256,Basic
10,3,2021,Y,Y,5264,6618,534,Y,2,926287.1,Basic
5,10,2006,Y,Y,7438,7970,976,Y,9,927886.6,Basic
6,3,2000,N,Y,8572,8015,489,N,6,928384,Basic
1,8,2008,N,Y,4534,2836,494,N,4,930448.8,Basic
6,10,2018,N,Y,2898,7505,176,N,8,934231.8,Basic
7,6,2008,N,Y,7262,950,484,N,1,934488.8,Basic
6,9,2006,N,N,4555,9453,715,Y,10,938856.6,Basic
1,5,2002,N,N,1101,8529,933,Y,5,941614.2,Basic
5,5,1998,N,Y,3817,4038,423,N,1,943600.8,Basic
10,3,2015,N,N,6558,3404,196,N,7,944025.5,Basic
4,9,2006,N,N,4137,7384,571,Y,8,944409.6,Basic
1,9,2010,N,N,2142,6254,926,N,9,944455,Basic
9,10,1991,N,Y,2787,5175,744,N,1,944839.1,Basic
10,4,2013,N,N,691,8302,754,N,1,945451.3,Basic
9,1,1998,N,Y,3792,3120,490,N,6,948170.8,Basic
6,8,1995,N,N,6319,5112,854,Y,6,949332.5,Basic
10,1,2009,Y,Y,9660,5182,241,N,7,951804.9,Basic
1,4,2020,Y,Y,3506,3320,139,Y,8,952004,Basic
10,3,1996,Y,N,4330,4183,317,Y,7,952050.6,Basic
2,5,2018,Y,Y,7731,4629,636,N,8,953039.8,Basic
1,2,2014,Y,Y,3606,5244,425,N,9,953108.4,Basic
7,7,1994,Y,N,7053,1109,827,Y,3,953870.4,Basic
8,4,2016,N,Y,8790,633,603,Y,2,955903.6,Basic
9,1,2014,N,Y,3572,9660,155,Y,7,955981.4,Basic
8,4,2001,N,Y,6221,1882,953,Y,0,956197.1,Basic
9,3,2015,N,N,9288,9682,932,Y,10,956275.5,Basic
9,8,2011,Y,Y,9676,5442,205,Y,2,956627.1,Basic
4,1,1992,Y,Y,3816,4685,591,N,6,956658.2,Basic
10,1,2005,N,Y,9415,7629,445,N,10,957812.5,Basic
7,4,2013,N,N,5051,8101,267,Y,4,958561.3,Basic
3,4,2019,N,Y,9342,5719,247,Y,1,959254.9,Basic
8,10,2002,N,Y,6994,4977,156,N,3,961132.2,Basic
7,9,2016,N,Y,3579,7867,740,Y,6,963424.6,Basic
8,6,2005,Y,Y,1158,4394,603,Y,9,963488.5,Basic
8,1,2020,Y,Y,4966,3537,849,N,6,963514,Basic
4,3,2004,N,Y,4944,3082,257,Y,8,968526.4,Basic
10,10,2012,N,Y,2551,1704,475,Y,2,968805.2,Basic
10,3,2019,Y,N,8657,5203,410,Y,6,969559.9,Basic
9,5,1991,N,Y,1069,3823,927,N,10,969806.1,Basic
5,9,2008,N,N,2142,7722,787,Y,5,971236.8,Basic
6,10,2021,Y,N,9423,356,949,Y,1,971897.1,Basic
1,7,2020,Y,Y,2257,4133,383,N,2,972465,Basic
1,3,2006,N,Y,5217,1186,682,Y,7,972497.6,Basic
2,3,1999,Y,Y,6738,3717,218,N,4,975399.9,Basic
1,9,1994,Y,N,5511,1832,454,Y,8,976405.4,Basic
5,8,1996,N,N,9727,2772,603,Y,10,978280.6,Basic
7,7,2017,N,N,3023,3403,917,Y,0,979748.7,Basic
6,5,2018,N,N,9426,8113,555,N,9,980609.8,Basic
7,9,2021,N,Y,7059,6277,826,Y,4,981058.1,Basic
4,5,2006,Y,N,1284,4436,857,N,7,981494.6,Basic
2,3,1999,Y,Y,8075,6435,831,Y,5,982119.9,Basic
9,7,1992,N,N,7110,8941,537,N,10,982222.2,Basic
3,6,1995,N,Y,2211,1892,367,N,0,983421.5,Basic
1,4,2002,N,N,2334,3108,503,N,7,984138.2,Basic
8,1,2009,N,N,7593,2586,520,Y,10,987460.9,Basic
1,8,2002,Y,Y,950,5553,318,Y,2,988800.2,Basic
7,10,2002,N,Y,262,6820,529,N,2,989421.2,Basic
9,2,2010,N,Y,6449,5162,201,N,6,989932,Basic
5,7,2003,Y,Y,3157,6328,895,N,9,990437.3,Basic
4,6,2020,N,Y,3974,7211,837,Y,1,990552,Basic
1,6,2012,Y,Y,6545,2563,446,N,0,990892.2,Basic
9,10,1990,Y,Y,6620,4784,141,Y,1,992182,Basic
5,1,2003,Y,Y,4813,7765,549,N,3,992632.3,Basic
6,1,2006,Y,N,3856,2412,470,Y,10,994976.6,Basic
6,10,1994,N,N,1340,1899,477,Y,7,995743.4,Basic
10,8,2003,N,N,5379,9647,258,N,8,996563.3,Basic
9,8,1997,Y,Y,6475,6702,398,Y,1,996888.7,Basic
3,7,1997,N,Y,4632,3724,373,Y,3,997040.7,Basic
2,2,2014,N,N,4152,9901,624,N,0,997753.4,Basic
2,7,2018,N,Y,4976,8539,851,Y,5,998783.8,Basic
9,2,2011,N,N,2265,5296,787,Y,0,999219.1,Basic
5,10,2012,N,Y,3156,6914,174,N,4,1000736.2,Basic
7,4,2014,N,Y,5152,876,205,N,6,1003072.4,Basic
10,5,2018,Y,Y,8502,5791,755,N,10,1004815.8,Basic
2,5,2015,Y,N,1629,9289,998,N,8,1006263.5,Basic
4,5,2005,Y,N,440,8905,961,N,6,1006634.5,Basic
5,3,1991,N,N,3960,4166,729,N,1,1006643.1,Basic
1,10,2004,Y,N,3770,6933,576,N,0,1007605.4,Basic
10,9,2017,N,N,9257,782,486,N,7,1008786.7,Basic
1,6,2012,N,N,7965,3749,106,N,8,1009529.2,Basic
4,4,1999,Y,Y,228,5644,935,Y,6,1010442.9,Basic
10,4,1998,N,N,4642,5231,450,N,5,1010724.8,Basic
5,8,1990,Y,Y,6982,4654,621,Y,0,1010749,Basic
10,3,1994,N,Y,6306,9604,396,N,8,1010790.4,Basic
2,10,2021,N,N,8671,4731,968,Y,4,1012656.1,Basic
1,2,1992,N,Y,1367,7462,289,Y,9,1013476.2,Basic
2,6,2013,Y,N,3751,4960,916,N,3,1015389.3,Basic
1,8,2008,Y,Y,7953,6289,337,Y,5,1016018.8,Basic
2,10,2020,N,N,3695,2162,794,Y,3,1018147,Basic
5,7,1990,Y,Y,8202,590,716,N,10,1018391,Basic
5,3,1997,N,Y,9916,9931,372,N,6,1020755.7,Basic
6,3,2013,N,N,371,6316,881,N,8,1021635.3,Basic
5,4,2007,N,N,6807,5748,537,Y,9,1024239.7,Basic
5,6,2010,N,N,661,3989,896,N,1,1025552,Basic
7,8,2014,N,Y,9105,6518,259,Y,0,1025802.4,Basic
7,2,2018,N,N,8561,1499,346,N,4,1027893.8,Basic
9,3,2017,N,N,8455,1308,994,N,3,1030176.7,Basic
4,9,2016,Y,Y,5733,9399,264,N,7,1031927.6,Basic
9,9,2020,N,Y,2433,3762,978,Y,4,1033047,Basic
7,9,2011,N,N,7284,5113,557,N,7,1036741.1,Basic
6,2,2002,N,Y,1545,2211,692,N,5,1038005.2,Basic
10,5,1995,N,N,6609,1352,452,Y,2,1039247.5,Basic
2,9,2016,Y,N,6055,4822,434,Y,6,1041341.6,Basic
7,5,1990,N,Y,9457,9123,969,N,2,1041647,Basic
8,10,1999,N,N,9629,7874,383,N,10,1044857.9,Basic
4,6,2020,N,Y,5902,1754,815,Y,4,1049039,Basic
4,5,2011,N,Y,2333,792,593,N,2,1049793.1,Basic
4,10,1999,Y,Y,4018,3432,193,Y,2,1050183.9,Basic
7,10,2016,Y,Y,3872,1255,799,Y,7,1051974.6,Basic
8,2,2008,N,N,9565,3108,757,N,6,1052752.8,Basic
3,5,2000,N,N,6032,827,655,N,7,1055477,Basic
5,5,2011,N,Y,6112,7823,765,N,4,1055816.1,Basic
4,10,2001,N,N,7733,9749,352,Y,9,1055996.1,Basic
7,8,2009,N,N,5418,7566,307,Y,10,1056116.9,Basic
3,4,2007,Y,Y,7069,4886,473,Y,0,1056525.7,Basic
10,1,2013,Y,Y,4170,5501,422,N,5,1057021.3,Basic
3,3,1995,N,N,7455,7622,438,N,2,1058224.5,Basic
4,7,2014,N,N,7767,1842,542,N,1,1058582.4,Basic
5,1,1998,N,N,2045,7509,952,N,5,1059468.8,Basic
5,9,2001,N,Y,6513,7298,720,N,5,1059700.1,Basic
8,2,2013,N,Y,4524,4445,566,N,4,1060141.3,Basic
3,5,2010,N,Y,6109,5775,990,N,7,1060707,Basic
5,8,1997,N,N,9534,5242,359,Y,8,1061695.7,Basic
5,9,1992,Y,N,9081,654,836,N,0,1062047.2,Basic
1,7,2021,N,N,6574,836,892,Y,0,1062664.1,Basic
8,1,2015,Y,Y,2711,4822,200,Y,6,1063316.5,Basic
5,3,2005,Y,N,774,8107,939,N,10,1064177.5,Basic
8,9,1996,N,Y,6543,1133,957,Y,0,1064850.6,Basic
5,4,2016,N,Y,3142,3829,138,Y,10,1066200.6,Basic
7,10,1997,Y,Y,9659,8439,677,N,6,1067665.7,Basic
3,5,2002,N,N,7594,2726,560,Y,0,1068025.2,Basic
7,5,2016,Y,N,9021,4823,102,N,2,1069306.6,Basic
10,10,2021,N,Y,5823,3156,585,Y,3,1069818.1,Basic
2,6,2005,N,N,8178,5473,195,N,5,1071100.5,Basic
8,10,2012,Y,Y,7528,8921,131,Y,7,1071651.2,Basic
1,5,2004,N,N,5487,6408,934,N,6,1072185.4,Basic
9,8,2009,N,Y,1114,4627,256,Y,7,1074445.9,Basic
5,6,1996,N,Y,2598,1190,631,Y,6,1075982.6,Basic
10,7,2000,N,N,3618,6582,631,Y,0,1076250,Basic
9,2,2018,Y,Y,9253,3133,116,N,6,1076789.8,Basic
6,6,1998,Y,Y,9347,118,209,N,10,1076965.8,Basic
2,7,1995,Y,Y,8648,7338,802,N,9,1077355.5,Basic
5,9,2012,N,Y,4362,6850,255,N,2,1077784.2,Basic
1,9,2008,N,N,9433,4180,487,N,0,1079918.8,Basic
3,7,1993,Y,Y,5735,585,765,Y,0,1079940.3,Basic
9,4,1995,Y,Y,8212,4181,338,N,9,1080749.5,Basic
3,1,1996,N,Y,5050,6583,368,Y,2,1083375.6,Basic
10,6,1990,Y,Y,8039,4258,976,Y,1,1084037,Basic
4,6,1998,N,N,4281,4573,205,Y,6,1085070.8,Basic
1,7,2000,N,N,4757,6098,889,Y,8,1085899,Basic
10,9,2020,N,Y,1309,1688,398,N,0,1085988,Basic
3,6,2018,Y,N,8297,2765,675,Y,4,1086000.8,Basic
5,2,1998,N,N,2933,6153,143,N,8,1086242.8,Basic
2,9,1993,N,N,5879,3505,850,N,6,1086266.3,Basic
2,4,2011,N,N,5863,4569,413,Y,9,1086957.1,Basic
4,9,2000,N,Y,2414,2166,654,N,7,1087354,Basic
9,6,2019,N,Y,4556,3040,743,N,8,1087980.9,Basic
3,4,2001,N,Y,3405,4377,408,N,5,1088055.1,Basic
4,8,1990,N,Y,7227,4495,146,N,8,1089783,Basic
5,8,2006,N,Y,5829,9328,439,N,1,1093719.6,Basic
1,8,2007,N,N,5345,1030,377,Y,9,1094185.7,Basic
1,4,1999,N,Y,6671,6963,387,N,5,1095539.9,Basic
3,5,1996,Y,Y,817,1834,582,N,8,1096338.6,Basic
2,5,2017,N,N,399,1799,504,Y,9,1097453.7,Basic
5,1,2015,Y,Y,8272,9560,259,Y,7,1098819.5,Basic
4,1,2017,N,N,1858,6423,207,N,6,1099743.7,Basic
7,8,1994,N,N,1920,1660,572,N,1,1100481.4,Basic
4,3,2011,Y,Y,89,9751,657,N,4,1100529.1,Basic
5,5,1997,N,Y,7420,3032,439,Y,2,1101642.7,Basic
5,2,2001,Y,N,3181,1291,198,Y,0,1103790.1,Basic
2,9,2015,N,Y,9798,2127,481,Y,6,1103882.5,Basic
6,10,2017,N,N,3653,797,923,N,4,1105258.7,Basic
3,1,2013,Y,N,9051,1722,442,N,9,1107198.3,Basic
10,6,2010,Y,Y,8494,4811,1000,Y,6,1107498,Basic
10,1,2001,N,Y,237,7652,334,Y,0,1108155.1,Basic
4,4,1998,N,N,5786,7814,427,Y,2,1108254.8,Basic
1,4,2012,Y,Y,475,4115,879,Y,10,22160.2,Luxury
2,2,2015,Y,N,2522,1313,776,N,5,34291.5,Luxury
5,10,2003,Y,N,6446,1384,366,N,10,38413.3,Luxury
7,5,2002,Y,N,1608,6594,201,N,9,45184.2,Luxury
3,3,2001,Y,Y,4173,8933,182,Y,10,58180.1,Luxury
6,8,2021,Y,Y,654,3585,301,N,9,65465.1,Luxury
4,10,1995,Y,Y,1599,1999,920,Y,3,71712.5,Luxury
10,9,2014,Y,N,2723,995,543,N,2,78924.4,Luxury
7,2,2003,Y,Y,3367,3336,855,N,6,92181.3,Luxury
7,4,2009,Y,N,3570,1928,170,N,6,94145.9,Luxury
6,2,2013,Y,Y,2975,5534,900,Y,2,94371.3,Luxury
2,7,2008,Y,Y,9015,5487,841,Y,1,111551.8,Luxury
7,7,2003,Y,Y,6324,9366,193,Y,4,118270.3,Luxury
6,4,1992,Y,Y,3539,7738,901,Y,0,120493.2,Luxury
10,6,2014,Y,N,1015,6156,517,N,1,129053.4,Luxury
1,6,2016,Y,N,952,728,773,Y,4,131538.6,Luxury
7,7,2004,Y,Y,2133,2781,852,N,7,134474.4,Luxury
10,8,2020,Y,N,2844,5531,878,N,7,173112,Luxury
10,7,1992,Y,Y,8348,9834,950,N,8,174007.2,Luxury
4,4,2018,Y,Y,736,6180,165,Y,1,180524.8,Luxury
2,5,2015,Y,N,364,3072,658,Y,8,183765.5,Luxury
7,8,1991,Y,Y,70,4360,126,Y,5,183918.1,Luxury
4,7,2007,Y,Y,1313,9063,706,N,5,189919.7,Luxury
7,5,2010,Y,N,2578,4996,490,N,0,190783,Luxury
3,10,2000,Y,Y,7113,8,298,N,1,197006,Luxury
1,1,2000,Y,N,4334,8090,195,Y,8,201541,Luxury
4,10,2019,Y,N,9543,5105,975,N,2,208435.9,Luxury
8,7,2019,Y,N,440,2468,202,N,4,230691.9,Luxury
8,6,2008,Y,N,7391,3786,376,N,6,241260.8,Luxury
7,3,2018,Y,Y,6959,1546,804,Y,5,249562.8,Luxury
9,2,2012,Y,Y,3061,7432,328,N,5,254501.2,Luxury
3,4,2000,Y,Y,124,8415,808,Y,8,255687,Luxury
3,10,2015,Y,Y,150,473,949,Y,1,260710.5,Luxury
6,1,2010,Y,N,5553,5076,188,N,9,274819,Luxury
7,4,1995,Y,Y,8067,9483,126,N,4,277181.5,Luxury
3,5,2017,Y,Y,6653,2988,114,N,3,285402.7,Luxury
9,1,2018,Y,N,7584,1742,158,Y,1,287478.8,Luxury
2,3,2005,Y,N,9307,2042,900,N,1,293779.5,Luxury
3,3,2014,Y,N,2018,360,544,N,7,297053.4,Luxury
5,2,1993,Y,Y,7674,9238,886,Y,9,298607.3,Luxury
10,5,2018,Y,N,5801,8775,897,Y,10,301329.8,Luxury
3,7,2011,Y,Y,1578,6660,105,N,5,307536.1,Luxury
3,10,2005,Y,Y,5866,3557,199,Y,1,321717.5,Luxury
7,1,2009,Y,N,7498,8398,489,Y,5,354630.9,Luxury
9,9,1998,Y,Y,5996,3689,431,Y,6,355722.8,Luxury
4,3,2009,Y,N,3547,9486,479,Y,8,358221.9,Luxury
8,5,1993,Y,N,5751,3786,666,N,2,358703.3,Luxury
5,8,1998,Y,Y,6923,5570,414,Y,10,363918.8,Luxury
10,10,1993,Y,Y,1661,3944,536,N,10,366957.3,Luxury
8,3,1991,Y,Y,6271,202,392,N,3,367846.1,Luxury
3,8,2007,Y,N,6186,862,613,N,7,372556.7,Luxury
6,8,2007,Y,Y,7193,1393,513,Y,7,386366.7,Luxury
6,2,2004,Y,Y,4418,8464,412,Y,7,389975.4,Luxury
2,5,2021,Y,N,4865,2447,808,Y,4,398355.1,Luxury
2,9,2016,Y,Y,3539,9112,909,Y,4,404207.6,Luxury
2,6,2021,Y,Y,724,8560,711,Y,6,404238.1,Luxury
5,4,1996,Y,N,1288,6111,805,Y,1,404538.6,Luxury
8,1,2009,Y,N,1036,1491,408,Y,2,408380.9,Luxury
1,3,2002,Y,N,247,4181,953,N,0,416251.2,Luxury
9,6,2021,Y,Y,7601,9141,896,Y,7,421621.1,Luxury
4,9,1990,Y,Y,7965,8229,695,Y,0,424791,Luxury
9,5,2019,Y,Y,8859,8440,700,N,5,426775.9,Luxury
10,7,2018,Y,N,9996,1246,965,N,6,440601.8,Luxury
2,2,2009,Y,Y,9010,7484,958,N,5,453660.9,Luxury
8,4,2012,Y,N,1264,3909,506,N,6,463922.2,Luxury
8,2,2014,Y,N,8543,612,987,Y,4,474716.4,Luxury
3,7,1990,Y,N,4268,3861,188,N,9,485143,Luxury
5,8,2008,Y,Y,260,1628,150,N,10,485217.8,Luxury
9,10,1991,Y,N,3906,4349,857,N,5,487950.1,Luxury
5,8,2021,Y,Y,5865,6316,593,Y,8,491239.1,Luxury
5,9,1993,Y,Y,681,8825,598,N,2,498937.3,Luxury
3,6,2018,Y,N,8597,9098,735,N,8,511059.8,Luxury
9,9,1998,Y,Y,8074,2464,422,Y,5,526302.8,Luxury
7,6,2001,Y,N,9278,7212,591,Y,9,536296.1,Luxury
6,2,2012,Y,Y,4099,2073,764,Y,0,557575.2,Luxury
6,5,2007,Y,Y,4580,6318,479,Y,9,580503.7,Luxury
7,3,1998,Y,N,2516,5601,307,Y,4,586742.8,Luxury
2,10,1991,Y,N,3244,1256,871,N,7,594670.1,Luxury
10,4,1997,Y,N,2559,8248,392,N,0,613117.7,Luxury
9,6,2004,Y,N,4979,3989,647,N,7,640633.4,Luxury
4,8,2012,Y,N,2423,8794,868,Y,6,656687.2,Luxury
9,6,1991,Y,N,7598,6605,297,Y,3,658653.1,Luxury
10,10,2017,Y,Y,3579,325,517,Y,9,660339.7,Luxury
9,4,2018,Y,N,5284,4222,267,N,10,662414.8,Luxury
7,5,2010,Y,Y,7057,7031,741,Y,6,667714,Luxury
5,10,2001,Y,N,1150,3614,594,N,5,678200.1,Luxury
8,10,2012,Y,Y,7171,3023,822,Y,1,682123.2,Luxury
9,7,2020,Y,N,4254,5044,171,N,5,690852,Luxury
10,1,2001,Y,Y,4589,7146,237,Y,8,692421.1,Luxury
1,7,1996,Y,N,379,3121,407,Y,10,693986.6,Luxury
1,3,1990,Y,N,999,2259,974,N,0,698473,Luxury
2,1,2019,Y,N,2452,3280,877,N,2,708802.9,Luxury
8,2,1995,Y,N,3821,9291,661,Y,6,710140.5,Luxury
9,10,2005,Y,N,231,7750,120,Y,4,719772.5,Luxury
4,1,2014,Y,N,1959,6603,692,N,7,721332.4,Luxury
8,2,1999,Y,N,6795,2063,429,N,4,723366.9,Luxury
9,3,1998,Y,N,6636,7418,313,N,1,724579.8,Luxury
5,2,1992,Y,Y,7826,1972,695,Y,2,737118.2,Luxury
10,3,2003,Y,Y,7412,9673,921,N,2,753012.3,Luxury
3,4,1999,Y,N,1867,535,508,Y,7,758423.9,Luxury
10,3,1998,Y,Y,7295,4497,955,N,7,782731.8,Luxury
9,9,2005,Y,N,1667,3833,609,Y,5,784516.5,Luxury
3,6,1993,Y,Y,3932,2422,947,N,10,791624.3,Luxury
10,10,2001,Y,Y,7056,8383,531,Y,10,799303.1,Luxury
8,1,1996,Y,N,4786,5622,218,N,2,806178.6,Luxury
3,7,2008,Y,Y,3178,8414,917,Y,3,810890.8,Luxury
6,7,2014,Y,Y,7573,8826,978,Y,5,823637.4,Luxury
3,3,2010,Y,N,2318,259,410,N,6,827591,Luxury
2,4,2021,Y,Y,5579,2468,283,N,9,837632.1,Luxury
1,8,2003,Y,Y,1941,3466,385,Y,7,841275.3,Luxury
1,1,2013,Y,N,7932,8752,124,N,10,850814.3,Luxury
6,6,1999,Y,N,9855,1400,615,Y,1,873709.9,Luxury
2,1,2000,Y,Y,4811,43,290,Y,4,880449,Luxury
8,10,2015,Y,Y,8290,7290,777,N,3,880713.5,Luxury
9,7,1996,Y,Y,4044,4557,770,Y,3,895829.6,Luxury
5,3,2013,Y,N,781,7703,627,Y,9,908919.3,Luxury
5,10,2002,Y,N,4439,5767,731,Y,2,921139.2,Luxury
6,1,1994,Y,Y,4976,5724,471,N,0,922517.4,Luxury
5,1,2005,Y,Y,4842,4625,335,Y,1,939398.5,Luxury
5,8,2001,Y,N,193,7414,651,Y,5,942653.1,Luxury
10,6,1993,Y,N,6177,8606,801,N,1,954722.3,Luxury
3,8,2018,Y,Y,1318,6318,277,N,2,962999.8,Luxury
8,4,2015,Y,N,8873,973,812,Y,3,975297.5,Luxury
4,7,2008,Y,Y,2199,8963,819,Y,1,977638.8,Luxury
9,1,1995,Y,Y,8357,7306,521,Y,5,997349.5,Luxury
10,5,1992,Y,Y,9027,776,473,Y,5,1019179.2,Luxury
7,4,2011,Y,Y,1491,790,391,N,10,1020597.1,Luxury
10,3,1994,Y,N,3329,9622,835,N,3,1021009.4,Luxury
10,8,2016,Y,Y,9397,5224,642,N,2,1024313.6,Luxury
4,8,2008,Y,Y,3333,9715,914,Y,6,1032298.8,Luxury
5,3,2006,Y,N,4790,3600,362,N,1,1043513.6,Luxury
1,4,2005,Y,Y,3456,2977,380,N,2,1045712.5,Luxury
6,10,1991,Y,Y,7139,503,558,Y,3,1066983.1,Luxury
9,7,2020,Y,N,2175,7806,357,Y,1,1075136,Luxury
1,8,1993,Y,Y,2726,9507,951,N,7,1096077.3,Luxury
5,7,1991,Y,Y,8154,4918,297,N,8,1100557.1,Luxury
3,8,1997,Y,Y,2372,4559,633,N,0,1106231.7,Luxury
1,2,2015,Y,Y,8194,4306,378,N,7,1107901.5,Luxury
8,2,2021,Y,Y,353,3205,939,N,5,1123958.1,Luxury
1,1,1999,Y,N,185,7129,754,Y,2,1124971.9,Luxury
1,4,2015,Y,N,1342,8771,621,N,7,1125532.5,Luxury
1,2,2011,Y,Y,6126,7561,179,Y,6,1140133.1,Luxury
9,5,2010,Y,N,1365,3757,321,N,6,1154040,Luxury
8,4,2018,Y,N,6944,4854,531,Y,2,1160638.8,Luxury
9,8,2018,Y,N,9789,9878,331,N,10,1161912.8,Luxury
8,1,1991,Y,Y,3810,2130,686,Y,9,1166616.1,Luxury
9,2,1994,Y,Y,2253,2685,463,Y,10,1175301.4,Luxury
6,5,1993,Y,Y,2326,7969,760,N,3,1183388.3,Luxury
8,6,2021,Y,N,2573,8253,294,Y,8,1185882.1,Luxury
7,6,2019,Y,Y,6148,7536,908,N,10,1202680.9,Luxury
1,1,2001,Y,N,2322,3330,555,N,9,1204666.1,Luxury
3,9,1996,Y,Y,5529,198,979,Y,6,1208637.6,Luxury
9,10,2018,Y,Y,8374,5131,905,N,1,1208645.8,Luxury
6,8,2020,Y,N,3094,4275,512,Y,9,1213149,Luxury
4,2,2018,Y,N,6033,807,161,Y,4,1247818.8,Luxury
2,1,1997,Y,N,7229,4684,106,Y,3,1264869.7,Luxury
6,7,1993,Y,Y,123,4385,310,Y,10,1265496.3,Luxury
7,3,1992,Y,N,7808,8350,519,Y,10,1266802.2,Luxury
1,1,2014,Y,N,2566,9300,214,Y,5,1267518.4,Luxury
10,1,2019,Y,N,1409,7849,950,N,9,1275226.9,Luxury
5,4,1990,Y,Y,777,1759,846,N,10,1303106,Luxury
9,2,2017,Y,N,7650,956,114,N,9,1305339.7,Luxury
9,4,1995,Y,Y,9563,32,605,N,7,1315003.5,Luxury
10,6,2001,Y,N,3203,5874,410,N,9,1316580.1,Luxury
8,9,1993,Y,Y,1633,1105,362,Y,9,1318665.3,Luxury
8,2,2020,Y,Y,4404,7490,122,N,10,1321158,Luxury
4,2,2017,Y,Y,5805,9969,326,N,10,1326496.7,Luxury
2,4,2016,Y,N,5874,1827,725,Y,3,1326833.6,Luxury
5,9,2015,Y,N,8189,526,663,N,7,1340591.5,Luxury
9,6,2005,Y,N,6237,1581,766,N,7,1343890.5,Luxury
1,4,2017,Y,N,8113,1641,921,N,0,1350019.7,Luxury
4,6,2014,Y,Y,6223,571,477,N,5,1350225.4,Luxury
4,4,1999,Y,Y,9039,8465,643,Y,7,1356995.9,Luxury
6,9,2006,Y,Y,3768,7759,1000,Y,2,1363541.6,Luxury
7,6,2014,Y,N,2994,7147,767,Y,8,1372325.4,Luxury
6,7,2017,Y,Y,4827,9316,143,N,4,1373231.7,Luxury
3,5,2001,Y,Y,4148,6383,590,N,5,1376329.1,Luxury
6,7,2020,Y,Y,3579,7266,638,Y,8,1384625,Luxury
9,8,1998,Y,N,8544,646,529,N,10,1390606.8,Luxury
9,4,1995,Y,N,6588,9320,245,N,8,1399630.5,Luxury
10,5,2016,Y,N,462,8938,564,Y,6,1408422.6,Luxury
9,4,2004,Y,Y,9535,6651,818,N,2,1410301.4,Luxury
6,1,1991,Y,Y,3291,2247,276,Y,6,1419421.1,Luxury
10,9,2003,Y,N,6987,475,143,Y,3,1421626.3,Luxury
7,7,2021,Y,Y,7511,9669,984,N,2,1427508.1,Luxury
8,3,2003,Y,N,9224,8809,502,Y,10,1431647.3,Luxury
7,3,2003,Y,N,5175,5221,801,N,6,1433009.3,Luxury
6,9,2009,Y,Y,5596,6777,230,Y,9,1442920.9,Luxury
4,10,1997,Y,Y,1617,4224,857,Y,9,1445853.7,Luxury
5,7,1993,Y,N,6964,880,485,N,3,1446006.3,Luxury
5,4,2005,Y,N,793,8939,328,Y,1,1468584.5,Luxury
5,2,2019,Y,Y,8063,9949,535,N,5,1473780.9,Luxury
1,7,2002,Y,N,7143,5481,764,Y,1,1484350.2,Luxury
8,4,2020,Y,N,7623,5337,658,N,7,1499598,Luxury
4,1,2020,Y,Y,4788,316,587,N,7,1500885,Luxury
7,5,2002,Y,N,1073,7110,720,Y,10,1504671.2,Luxury
3,8,2012,Y,N,2223,8313,503,N,4,1516872.2,Luxury
4,2,2011,Y,Y,9146,8766,580,N,10,1541104.1,Luxury
1,4,1992,Y,Y,6587,200,551,Y,10,1544783.2,Luxury
5,7,1999,Y,Y,3747,1154,249,Y,7,1553369.9,Luxury
5,4,2018,Y,Y,1635,4738,647,N,10,1564014.8,Luxury
9,3,2001,Y,Y,5454,6089,940,N,2,1581304.1,Luxury
9,1,1996,Y,N,785,5340,322,N,7,1583248.6,Luxury
7,1,2019,Y,N,637,7880,552,N,4,1585031.9,Luxury
8,9,1993,Y,N,6678,5275,709,N,0,1602339.3,Luxury
7,10,1990,Y,N,3565,742,405,Y,3,1610901,Luxury
7,2,2020,Y,Y,3474,1546,460,Y,1,1620468,Luxury
5,1,2013,Y,N,1772,6971,115,N,10,1621185.3,Luxury
3,10,2008,Y,N,3209,791,265,N,8,1624354.8,Luxury
4,5,2014,Y,Y,8179,2845,587,Y,1,1626142.4,Luxury
5,10,2015,Y,Y,6691,548,220,Y,8,1630148.5,Luxury
1,6,2007,Y,N,8181,4291,415,N,5,1636515.7,Luxury
10,5,2019,Y,Y,2289,401,505,N,8,1638521.9,Luxury
1,9,1990,Y,N,7485,2259,903,N,2,1638670,Luxury
3,10,1997,Y,N,6899,9041,464,Y,9,1640789.7,Luxury
4,3,2019,Y,N,6420,5097,160,N,5,1645035.9,Luxury
8,10,2007,Y,Y,5726,8799,637,Y,1,1645556.7,Luxury
2,7,1998,Y,Y,5513,3975,813,Y,5,1647875.8,Luxury
4,2,2017,Y,Y,5734,9648,942,N,1,1650622.7,Luxury
6,10,2000,Y,Y,5097,7629,929,Y,2,1652454,Luxury
7,6,2014,Y,N,6574,9098,473,Y,3,1659656.4,Luxury
4,5,2008,Y,Y,2183,3447,119,N,10,1659757.8,Luxury
5,7,1999,Y,N,3422,3858,148,N,2,1675849.9,Luxury
1,8,2010,Y,N,4287,7300,984,N,10,1695808,Luxury
2,2,1993,Y,Y,6481,7029,346,N,2,1710016.3,Luxury
6,2,2007,Y,Y,3070,9681,999,Y,9,1711593.7,Luxury
9,9,2010,Y,N,6166,9438,572,Y,1,1712726,Luxury
5,2,2006,Y,Y,832,5877,417,Y,5,1717170.6,Luxury
2,6,1997,Y,N,3505,3817,447,N,1,1717255.7,Luxury
10,4,2008,Y,N,466,7240,846,Y,4,1724807.8,Luxury
2,5,1995,Y,N,3192,2786,716,Y,9,1728829.5,Luxury
7,5,2012,Y,Y,3216,5586,243,Y,2,1738971.2,Luxury
7,6,1993,Y,N,2250,7062,547,Y,10,1751212.3,Luxury
9,6,1991,Y,N,7634,668,839,N,7,1753382.1,Luxury
6,10,2021,Y,N,4123,8800,253,N,6,1770417.1,Luxury
1,6,1992,Y,N,8906,6122,943,Y,1,1771805.2,Luxury
2,2,2007,Y,Y,2154,471,631,N,5,1781409.7,Luxury
9,5,2012,Y,N,9748,6209,679,N,8,1784679.2,Luxury
8,4,2010,Y,N,5249,4186,782,Y,1,1790044,Luxury
9,1,2016,Y,N,3029,3408,157,N,4,1813007.6,Luxury
2,3,2000,Y,Y,574,5737,774,N,0,1820065,Luxury
10,4,1992,Y,Y,8163,6252,377,N,2,1824739.2,Luxury
4,4,2002,Y,N,2467,6671,470,Y,8,1829948.2,Luxury
9,7,2013,Y,N,7280,3590,465,Y,0,1835040.3,Luxury
8,8,1997,Y,Y,5649,3672,313,Y,5,1844863.7,Luxury
4,5,2019,Y,N,3381,4110,421,N,2,1850716.9,Luxury
3,1,2000,Y,N,4089,9245,905,Y,6,1852115,Luxury
2,3,1996,Y,N,461,524,840,Y,5,1854935.6,Luxury
10,4,2004,Y,Y,7911,7763,204,N,1,1855087.4,Luxury
6,4,2017,Y,N,4908,1445,724,Y,5,1871116.7,Luxury
9,3,2001,Y,Y,1036,5526,356,Y,5,1876356.1,Luxury
8,9,2009,Y,Y,4160,535,229,Y,1,1893891.9,Luxury
6,4,1998,Y,N,5353,4021,442,Y,8,1908217.8,Luxury
5,10,2017,Y,N,9531,8510,968,N,3,1915949.7,Luxury
1,3,2002,Y,Y,5774,7169,954,Y,6,1917423.2,Luxury
2,2,1990,Y,Y,9790,5420,415,Y,1,1936026,Luxury
2,7,2021,Y,Y,6046,8696,676,N,8,1942134.1,Luxury
9,8,2014,Y,N,6716,3872,891,N,3,1943992.4,Luxury
7,2,2015,Y,N,4821,5889,772,N,9,1965660.5,Luxury
5,9,2009,Y,Y,7143,4396,662,Y,7,1966077.9,Luxury
5,8,2000,Y,N,1897,1671,719,N,1,1980264,Luxury
7,7,2016,Y,Y,839,7972,931,Y,9,1983648.6,Luxury
4,5,1996,Y,N,1637,2920,527,N,7,1984798.6,Luxury
1,5,1992,Y,N,6784,2848,246,Y,10,1985050.2,Luxury
7,1,2005,Y,Y,7835,6684,307,N,4,2021327.5,Luxury
2,4,1993,Y,Y,833,5271,475,N,9,2062026.3,Luxury
9,4,2019,Y,Y,9037,5714,359,Y,5,2070677.9,Luxury
3,5,1993,Y,Y,9406,9087,277,N,9,2077129.3,Luxury
6,6,2007,Y,N,1330,3416,543,N,3,2098549.7,Luxury
9,7,2001,Y,N,2157,7829,950,N,4,2101237.1,Luxury
1,2,2016,Y,N,8214,4091,118,Y,4,2103788.6,Luxury
2,2,2006,Y,Y,4001,4443,527,N,3,2116427.6,Luxury
4,5,1990,Y,Y,9868,6168,935,N,1,2118534,Luxury
7,2,2006,Y,Y,2917,3514,472,Y,7,2124502.6,Luxury
2,6,2019,Y,Y,5983,1612,633,Y,3,2126037.9,Luxury
2,9,1998,Y,Y,3451,4990,497,Y,3,2131594.8,Luxury
6,5,2004,Y,N,7906,6437,815,N,4,2136110.4,Luxury
2,3,1995,Y,Y,8198,4951,111,N,4,2136801.5,Luxury
3,7,2017,Y,N,8661,3487,964,N,8,2140798.7,Luxury
9,1,1996,Y,Y,370,6597,157,N,3,2145401.6,Luxury
3,5,1998,Y,Y,1373,8613,409,N,0,2157779.8,Luxury
1,4,2017,Y,N,9087,7089,914,N,3,2175975.7,Luxury
6,10,1991,Y,N,4049,1715,176,Y,9,2177627.1,Luxury
3,10,2011,Y,N,5405,8372,502,Y,10,2181457.1,Luxury
4,10,1990,Y,N,5287,6084,442,N,0,2184139,Luxury
9,6,1997,Y,Y,5559,690,127,Y,3,2212814.7,Luxury
9,9,1999,Y,N,4825,193,634,Y,7,2225365.9,Luxury
3,5,2011,Y,N,4339,4606,419,N,10,2264203.1,Luxury
8,8,2012,Y,Y,4345,9894,139,Y,10,2268497.2,Luxury
2,5,2004,Y,N,9803,143,583,N,1,2273361.4,Luxury
9,8,1993,Y,Y,2060,103,491,Y,2,2289134.3,Luxury
9,8,2004,Y,Y,2847,9028,497,N,8,2319772.4,Luxury
10,2,2012,Y,N,8213,2582,479,N,0,2326378.2,Luxury
5,10,1993,Y,N,9164,9939,855,N,2,2331235.3,Luxury
9,10,2020,Y,Y,3681,3220,422,Y,3,2339782,Luxury
9,1,2016,Y,Y,8296,6639,697,N,5,2343955.6,Luxury
7,1,2014,Y,Y,509,8537,542,Y,6,2361737.4,Luxury
5,3,1991,Y,N,5326,780,600,Y,8,2363386.1,Luxury
3,3,1990,Y,N,1667,5086,354,Y,10,2365037,Luxury
5,8,1994,Y,Y,6830,7986,158,Y,10,2385528.4,Luxury
3,7,2010,Y,Y,7590,5224,564,Y,1,2390804,Luxury
8,5,1995,Y,Y,225,5652,128,Y,3,2403326.5,Luxury
2,9,2003,Y,N,1372,2371,446,N,4,2414637.3,Luxury
7,1,2005,Y,Y,10,3969,985,Y,8,2414680.5,Luxury
10,4,1999,Y,Y,3028,8500,190,N,9,2415923.9,Luxury
9,9,2003,Y,N,2176,694,151,Y,10,2418822.3,Luxury
2,9,1993,Y,N,2481,3336,908,Y,3,2425111.3,Luxury
9,3,2005,Y,Y,7994,3085,216,Y,4,2427187.5,Luxury
1,7,1994,Y,N,1561,1228,653,N,5,2431969.4,Luxury
8,4,2013,Y,Y,6184,2322,536,N,1,2459173.3,Luxury
9,2,2006,Y,Y,640,6772,727,Y,7,2463506.6,Luxury
3,1,2008,Y,N,2785,4091,472,N,9,2475750.8,Luxury
5,1,1996,Y,N,8360,6076,664,Y,0,2481744.6,Luxury
9,5,2011,Y,N,5980,7316,502,Y,2,2508814.1,Luxury
8,7,2011,Y,Y,336,3072,584,Y,0,2520440.1,Luxury
4,3,1993,Y,N,5591,6524,773,N,5,2526249.3,Luxury
4,10,2020,Y,N,6560,4287,116,N,6,2530488,Luxury
5,2,2004,Y,Y,9834,1817,183,N,0,2532250.4,Luxury
6,3,2003,Y,N,4526,1695,257,N,4,2579016.3,Luxury
2,7,2015,Y,Y,6281,571,882,Y,3,2585769.5,Luxury
5,2,2012,Y,Y,8108,4033,339,Y,2,2590169.2,Luxury
10,8,1996,Y,N,5998,3426,815,Y,4,2605855.6,Luxury
3,9,2008,Y,N,6824,1850,790,N,3,2606507.8,Luxury
2,6,1997,Y,N,5716,7143,801,Y,4,2606754.7,Luxury
6,6,2019,Y,N,1896,2045,280,Y,0,2607420.9,Luxury
9,2,2013,Y,Y,4029,7946,554,N,9,2615548.3,Luxury
1,6,2001,Y,N,6471,8312,196,N,5,2618078.1,Luxury
3,6,2014,Y,Y,1084,7324,195,N,5,2630045.4,Luxury
3,6,2005,Y,Y,4570,2280,474,N,0,2630871.5,Luxury
4,6,2003,Y,Y,3372,255,274,Y,7,2634608.3,Luxury
3,4,2018,Y,N,5481,406,991,N,8,2639003.8,Luxury
3,5,2009,Y,N,5098,9630,375,N,10,2639712.9,Luxury
1,7,2009,Y,N,4468,6440,210,Y,2,2655657.9,Luxury
5,4,2002,Y,N,577,3742,698,Y,2,2655761.2,Luxury
1,1,1991,Y,Y,9973,6110,852,N,7,2663765.1,Luxury
8,5,2003,Y,N,4687,5948,327,Y,1,2684819.3,Luxury
10,8,2016,Y,N,6924,6367,940,Y,2,2687139.6,Luxury
7,6,2020,Y,Y,8582,1132,969,Y,9,2689533,Luxury
3,8,2012,Y,N,4748,865,729,N,1,2689927.2,Luxury
1,2,2004,Y,N,9032,8929,478,Y,2,2699467.4,Luxury
8,3,2003,Y,N,1276,9010,248,N,4,2701055.3,Luxury
9,5,2016,Y,Y,254,7641,913,N,0,2701654.6,Luxury
1,7,2020,Y,Y,3944,4600,823,N,5,2703096,Luxury
5,6,2002,Y,Y,9662,6704,149,Y,6,2703481.2,Luxury
3,7,2020,Y,Y,1502,3475,543,Y,3,2708288,Luxury
2,7,2002,Y,N,2435,6395,792,Y,1,2709495.2,Luxury
2,1,2001,Y,Y,409,80,715,Y,1,2712687.1,Luxury
1,6,1996,Y,N,640,8108,515,Y,2,2718663.6,Luxury
7,4,2016,Y,Y,2151,4420,386,Y,4,2726538.6,Luxury
1,1,2021,Y,Y,9484,3186,740,N,7,2727914.1,Luxury
10,1,2019,Y,Y,6473,5987,405,N,3,2736774.9,Luxury
7,3,2003,Y,Y,1731,3408,215,Y,4,2739499.3,Luxury
1,5,2012,Y,N,9345,6623,959,Y,7,2754889.2,Luxury
2,10,2016,Y,Y,484,7159,270,Y,9,2763972.6,Luxury
1,8,1999,Y,Y,3855,6325,504,N,0,2765641.9,Luxury
6,2,1994,Y,Y,2487,9804,880,N,8,2768020.4,Luxury
3,4,2019,Y,N,9956,9457,753,N,8,2770163.9,Luxury
5,10,2011,Y,N,7584,4075,861,Y,9,2771481.1,Luxury
1,9,2021,Y,Y,8468,9646,890,Y,2,2784047.1,Luxury
10,10,2012,Y,Y,162,595,869,N,7,2791895.2,Luxury
10,5,1992,Y,Y,7025,2844,222,Y,3,2792637.2,Luxury
4,9,2001,Y,N,5026,9958,941,N,2,2797107.1,Luxury
6,2,1998,Y,N,2211,3489,330,Y,1,2799475.8,Luxury
8,2,1991,Y,Y,2068,4052,183,N,9,2805108.1,Luxury
1,6,1991,Y,N,9531,2546,574,Y,4,2815718.1,Luxury
8,4,2008,Y,Y,4083,2224,643,N,0,2830504.8,Luxury
1,4,2011,Y,N,8595,6280,643,Y,5,2832735.1,Luxury
2,9,2003,Y,N,8469,2831,798,Y,2,2834962.3,Luxury
1,8,1996,Y,N,6621,6534,554,Y,8,2852499.6,Luxury
7,4,2010,Y,N,2439,8820,640,Y,6,2852653,Luxury
9,10,2013,Y,N,9180,9567,298,N,8,2860568.3,Luxury
3,9,1994,Y,N,4166,3717,134,Y,9,2876205.4,Luxury
3,4,2009,Y,Y,9862,2666,330,Y,0,2888047.9,Luxury
2,10,2010,Y,N,75,1103,755,N,3,2888357,Luxury
2,8,1998,Y,N,852,4236,507,Y,1,2893152.8,Luxury
1,9,1992,Y,Y,3222,9454,799,Y,3,2903240.2,Luxury
9,7,2007,Y,Y,1527,1522,103,N,3,2927647.7,Luxury
7,4,2015,Y,N,6762,7361,687,Y,5,2947040.5,Luxury
4,9,1990,Y,Y,1780,393,413,Y,3,2948071,Luxury
10,2,2010,Y,Y,7919,6085,934,N,7,2960766,Luxury
2,4,1990,Y,N,6403,5380,677,N,2,2962632,Luxury
3,1,2006,Y,N,3703,2398,130,N,1,2973362.6,Luxury
4,3,2013,Y,Y,6779,1851,286,N,5,2981844.3,Luxury
7,4,2017,Y,Y,1025,4878,524,Y,2,2986236.7,Luxury
10,6,2013,Y,Y,8183,1633,197,Y,7,2990376.3,Luxury
5,1,2010,Y,N,2642,1217,470,Y,4,2991129,Luxury
6,8,1995,Y,Y,5692,9582,762,N,0,3002371.5,Luxury
9,2,2009,Y,Y,6133,9598,624,Y,10,3006420.9,Luxury
10,3,2003,Y,Y,6324,8145,753,Y,7,3008092.3,Luxury
7,2,2016,Y,Y,9134,6671,102,Y,0,3029749.6,Luxury
9,2,2011,Y,Y,8079,5017,452,N,8,3031862.1,Luxury
6,5,2014,Y,N,5031,1199,498,Y,1,3033408.4,Luxury
5,7,2005,Y,Y,3888,8831,806,N,6,3034212.5,Luxury
9,8,2000,Y,Y,1312,7774,789,Y,5,3049140,Luxury
3,4,2013,Y,Y,1210,4794,761,Y,1,3051131.3,Luxury
9,6,1998,Y,Y,9151,9350,146,N,9,3062069.8,Luxury
9,4,2014,Y,N,8852,8833,704,Y,4,3068624.4,Luxury
8,1,2000,Y,N,6207,8573,745,N,5,3090623,Luxury
2,2,2001,Y,N,3856,7716,233,Y,3,3091919.1,Luxury
9,3,2008,Y,N,2033,2708,342,N,5,3097036.8,Luxury
5,7,1992,Y,Y,4040,558,641,N,9,3101000.2,Luxury
7,4,2016,Y,Y,747,8698,218,N,3,3104280.6,Luxury
8,3,2017,Y,N,1653,1060,294,Y,0,3111504.7,Luxury
5,2,1997,Y,N,2726,3567,858,N,9,3131372.7,Luxury
6,7,2018,Y,Y,9429,3388,189,Y,1,3141490.8,Luxury
10,6,2018,Y,Y,7180,184,878,Y,8,3142338.8,Luxury
8,2,1995,Y,Y,2463,3454,543,Y,5,3142581.5,Luxury
6,10,2001,Y,N,9285,3577,744,N,1,3163533.1,Luxury
9,1,1994,Y,N,2134,2101,174,Y,3,3169821.4,Luxury
9,7,1998,Y,N,5984,2875,920,N,7,3174122.8,Luxury
3,3,1997,Y,Y,244,7808,576,N,7,3181933.7,Luxury
9,2,1996,Y,N,7364,210,491,N,4,3187741.6,Luxury
8,6,1997,Y,N,9443,1920,393,N,8,3197462.7,Luxury
9,2,2005,Y,N,1974,489,732,Y,7,3202805.5,Luxury
9,6,2009,Y,Y,2413,9674,866,Y,8,3223835.9,Luxury
10,7,2012,Y,Y,1924,2390,694,N,4,3227676.2,Luxury
10,5,2008,Y,N,2290,6267,267,N,2,3233772.8,Luxury
8,2,1991,Y,Y,1537,6433,882,Y,5,3235512.1,Luxury
2,3,1999,Y,N,7386,8846,266,Y,1,3238634.9,Luxury
3,10,2017,Y,Y,4276,5610,428,Y,4,3247610.7,Luxury
5,7,2004,Y,Y,9834,7341,289,N,4,3252838.4,Luxury
4,8,2020,Y,Y,7978,4662,526,N,9,3269031,Luxury
7,1,1990,Y,N,9189,6513,618,Y,8,3286268,Luxury
6,7,1991,Y,N,3101,3591,386,N,4,3294617.1,Luxury
7,9,2008,Y,Y,3289,8595,121,N,8,3299047.8,Luxury
8,8,2018,Y,Y,952,7601,859,Y,5,3303547.8,Luxury
2,8,1993,Y,Y,7599,4489,838,Y,2,3305549.3,Luxury
3,10,1991,Y,Y,8783,8161,824,Y,3,3307651.1,Luxury
10,3,1998,Y,N,733,8245,305,N,10,3314847.8,Luxury
7,8,1992,Y,N,7639,6380,221,Y,7,3319481.2,Luxury
4,8,2000,Y,Y,6469,3527,758,Y,3,3320746,Luxury
9,5,2020,Y,Y,7525,3507,795,Y,2,3322097,Luxury
1,8,2017,Y,Y,8957,3127,981,Y,3,3326989.7,Luxury
10,6,1991,Y,N,9550,748,107,N,5,3329880.1,Luxury
8,8,2000,Y,Y,4917,8204,338,Y,10,3334198,Luxury
6,3,2020,Y,Y,3522,7671,214,N,8,3351101,Luxury
8,1,2016,Y,N,256,8882,723,N,1,3371675.6,Luxury
2,5,1994,Y,Y,9846,8414,173,N,3,3374768.4,Luxury
3,4,1999,Y,N,9989,812,721,Y,4,3375522.9,Luxury
1,4,1993,Y,Y,928,8369,824,Y,4,3384758.3,Luxury
4,8,1993,Y,N,8649,7495,769,N,6,3392172.3,Luxury
6,3,1993,Y,N,4467,3329,603,N,2,3392580.3,Luxury
8,8,2016,Y,Y,3437,2114,754,Y,4,3401310.6,Luxury
4,8,2018,Y,N,11,4743,590,Y,9,3406131.8,Luxury
2,2,1995,Y,Y,7842,6296,545,Y,4,3415018.5,Luxury
9,1,1990,Y,Y,7949,2862,435,Y,0,3416922,Luxury
8,9,2001,Y,Y,6937,16,112,N,4,3422411.1,Luxury
6,9,2018,Y,N,9530,5520,142,Y,5,3426173.8,Luxury
3,3,1996,Y,Y,5942,6266,976,Y,1,3430761.6,Luxury
3,4,2013,Y,N,1604,5110,630,N,5,3442471.3,Luxury
5,1,2009,Y,N,2283,3875,696,N,10,3453087.9,Luxury
1,6,1993,Y,Y,347,5791,547,Y,6,3460379.3,Luxury
6,10,2003,Y,Y,1597,5925,286,Y,2,3467129.3,Luxury
7,2,2017,Y,Y,8732,8680,421,N,5,3474105.7,Luxury
5,2,2002,Y,Y,9405,9154,186,Y,6,3477313.2,Luxury
8,1,2010,Y,N,8890,9949,499,Y,0,3485215,Luxury
7,7,2003,Y,Y,5701,4024,323,N,0,3489284.3,Luxury
8,1,1991,Y,Y,6726,36,388,Y,0,3491844.1,Luxury
4,7,2020,Y,N,8602,2118,812,Y,10,3499187,Luxury
7,8,2003,Y,Y,7769,5202,849,N,10,3508101.3,Luxury
1,3,2021,Y,N,2487,5121,822,Y,4,3510681.1,Luxury
1,4,1992,Y,N,9739,3002,602,N,2,3515220.2,Luxury
2,6,1990,Y,Y,6916,1771,148,N,7,3516840,Luxury
6,8,1995,Y,Y,9928,699,439,N,0,3526172.5,Luxury
2,4,2004,Y,Y,461,1849,953,N,10,3527556.4,Luxury
8,2,2020,Y,N,8670,8810,471,Y,6,3540142,Luxury
4,5,2019,Y,Y,4448,6601,556,Y,6,3547246.9,Luxury
3,7,1995,Y,N,1282,1268,973,N,10,3552201.5,Luxury
1,5,1997,Y,Y,8212,5585,777,Y,2,3558407.7,Luxury
4,7,1991,Y,Y,4087,9541,651,Y,9,3566862.1,Luxury
7,1,2014,Y,Y,1732,6019,243,N,7,3581003.4,Luxury
8,5,2016,Y,Y,8370,3039,340,Y,7,3582171.6,Luxury
4,2,2000,Y,Y,7476,3509,361,N,10,3601009,Luxury
9,6,1996,Y,N,5238,3784,901,N,3,3609085.6,Luxury
10,4,1995,Y,Y,9812,1245,375,Y,3,3617203.5,Luxury
9,6,2003,Y,Y,5923,1829,408,Y,3,3634081.3,Luxury
8,2,2000,Y,N,6543,1947,968,N,1,3634312,Luxury
10,7,2000,Y,N,255,7751,648,N,0,3634512,Luxury
7,7,2017,Y,N,1214,173,387,N,2,3637736.7,Luxury
7,9,1993,Y,Y,6573,7796,577,N,2,3642700.3,Luxury
3,9,1990,Y,N,3924,5708,613,Y,0,3646213,Luxury
4,4,2018,Y,N,6406,6308,827,N,1,3649020.8,Luxury
3,8,2017,Y,N,2209,8157,688,Y,10,3652839.7,Luxury
1,10,2007,Y,N,7309,8926,633,N,2,3659340.7,Luxury
10,5,2002,Y,N,8063,8651,626,N,0,3668071.2,Luxury
6,3,2016,Y,Y,8619,4663,422,N,7,3672422.6,Luxury
5,10,2012,Y,Y,9845,2737,867,Y,6,3692148.2,Luxury
1,9,2020,Y,N,4683,5461,527,N,4,3698721,Luxury
6,3,2013,Y,N,309,5249,463,N,7,3708694.3,Luxury
10,7,2002,Y,Y,2785,3673,381,Y,8,3711515.2,Luxury
5,1,1990,Y,Y,5601,4694,108,N,3,3712504,Luxury
3,3,2019,Y,N,5658,8216,160,N,5,3713548.9,Luxury
7,1,2005,Y,Y,1826,6439,607,N,2,3718807.5,Luxury
2,3,2006,Y,N,5049,8856,854,N,0,3729279.6,Luxury
9,9,1995,Y,N,7069,552,762,Y,0,3729838.5,Luxury
3,1,2000,Y,Y,6941,2779,877,Y,5,3754453,Luxury
7,2,2016,Y,Y,4916,9183,185,N,0,3763767.6,Luxury
10,10,2009,Y,Y,7306,5317,324,N,7,3769640.9,Luxury
10,5,2002,Y,N,5108,973,102,N,8,3776536.2,Luxury
1,2,1991,Y,Y,8601,915,955,N,0,3817885.1,Luxury
3,4,2007,Y,N,5824,1357,964,Y,0,3820611.7,Luxury
8,10,2003,Y,Y,8081,7497,462,N,8,3825454.3,Luxury
2,7,1998,Y,N,8905,6723,218,N,5,3842187.8,Luxury
1,5,1996,Y,Y,855,4994,863,Y,4,3843621.6,Luxury
6,10,2019,Y,Y,3589,9988,662,Y,9,3852125.9,Luxury
6,10,2010,Y,Y,8276,6588,407,N,9,3861362,Luxury
6,1,2003,Y,N,5275,4395,596,Y,7,3865010.3,Luxury
8,7,2020,Y,N,308,1690,810,N,6,3870229,Luxury
4,3,2015,Y,N,2129,6397,990,Y,5,3881695.5,Luxury
7,4,2008,Y,Y,7187,1190,722,N,7,3888712.8,Luxury
8,2,2007,Y,Y,5001,1326,729,N,6,3902208.7,Luxury
8,4,2019,Y,Y,6113,1383,352,Y,0,3904399.9,Luxury
2,3,1996,Y,N,2855,6035,238,Y,2,3910733.6,Luxury
3,2,1999,Y,N,2898,1245,783,Y,8,3912800.9,Luxury
4,3,2007,Y,Y,783,7603,930,Y,6,3928675.7,Luxury
5,5,2004,Y,N,9590,2561,406,Y,2,3933162.4,Luxury
1,4,1990,Y,N,6637,9738,139,N,1,3945410,Luxury
4,8,2021,Y,N,5382,6816,668,N,10,3954111.1,Luxury
10,9,2021,Y,N,1971,2020,266,Y,10,3967203.1,Luxury
4,10,2016,Y,Y,7338,1003,557,N,6,3972452.6,Luxury
9,5,2011,Y,N,9954,9859,823,Y,0,3983187.1,Luxury
8,5,2019,Y,Y,6857,1567,877,N,9,3998497.9,Luxury
10,4,2021,Y,Y,9391,7210,532,Y,0,4010245.1,Luxury
4,8,2000,Y,N,8809,3509,689,N,3,4020381,Luxury
2,1,2015,Y,Y,5020,5098,256,Y,4,4020581.5,Luxury
1,4,2009,Y,Y,1153,5161,794,N,5,4023279.9,Luxury
8,1,2018,Y,Y,2099,9507,778,Y,4,4029373.8,Luxury
1,1,1997,Y,Y,1146,1299,668,Y,8,4030969.7,Luxury
1,6,2002,Y,Y,2037,3638,566,Y,0,4031505.2,Luxury
6,5,2004,Y,N,7239,4090,684,N,0,4036010.4,Luxury
5,8,2006,Y,Y,1295,9714,654,Y,4,4041851.6,Luxury
9,1,2019,Y,Y,3836,2682,319,Y,5,4046345.9,Luxury
7,7,1996,Y,N,8694,9598,691,Y,8,4060278.6,Luxury
9,7,2008,Y,N,5782,1627,428,N,10,4068225.8,Luxury
9,6,2002,Y,N,7966,7459,238,Y,3,4069305.2,Luxury
7,5,1994,Y,Y,4246,6743,134,Y,3,4087187.4,Luxury
8,9,1990,Y,Y,638,235,133,Y,8,4088548,Luxury
8,8,2014,Y,Y,8833,4877,711,N,0,4089009.4,Luxury
1,9,1990,Y,N,7433,2511,580,N,2,4092414,Luxury
10,10,2004,Y,Y,1473,2886,688,Y,0,4104641.4,Luxury
2,2,2007,Y,Y,1291,8564,308,Y,8,4113915.7,Luxury
3,4,2012,Y,Y,8507,2081,661,Y,0,4121602.2,Luxury
5,8,2004,Y,N,3108,107,133,Y,1,4122535.4,Luxury
7,5,2012,Y,Y,4438,4704,997,N,6,4139962.2,Luxury
10,10,1994,Y,Y,9941,5595,938,Y,8,4146474.4,Luxury
2,10,1994,Y,Y,9966,295,628,Y,1,4147892.4,Luxury
4,9,1991,Y,N,1803,4452,491,N,2,4151181.1,Luxury
3,5,1990,Y,N,3885,2364,997,Y,7,4155501,Luxury
5,7,2016,Y,Y,3636,7992,509,N,1,4163553.6,Luxury
4,5,2005,Y,N,3252,6702,484,N,6,4176148.5,Luxury
6,9,1998,Y,Y,4080,4656,679,N,1,4181244.8,Luxury
1,2,1998,Y,N,6917,5314,343,Y,1,4186067.8,Luxury
9,5,2017,Y,Y,2950,9573,572,Y,5,4187667.7,Luxury
1,5,2006,Y,Y,8432,2811,324,Y,6,4191936.6,Luxury
1,7,2012,Y,N,1528,4961,893,N,8,4192258.2,Luxury
9,4,2009,Y,N,7008,4765,969,N,9,4202078.9,Luxury
5,4,1994,Y,N,8836,830,714,Y,9,4209907.4,Luxury
9,7,2004,Y,N,5518,6886,803,N,3,4216631.4,Luxury
1,2,2012,Y,N,4629,1482,350,Y,1,4218152.2,Luxury
3,7,2009,Y,Y,752,2812,710,N,5,4228208.9,Luxury
3,4,2020,Y,N,8953,7642,262,N,5,4232611,Luxury
9,2,2015,Y,Y,880,1526,938,Y,7,4264085.5,Luxury
7,8,2013,Y,N,6690,3789,964,Y,6,4264812.3,Luxury
8,3,2014,Y,N,5326,5962,394,N,10,4267956.4,Luxury
4,4,1996,Y,N,5683,8432,674,Y,8,4288800.6,Luxury
10,2,1996,Y,N,8536,3106,855,N,5,4290930.6,Luxury
4,4,1991,Y,Y,3336,4380,562,Y,3,4297348.1,Luxury
2,10,2016,Y,N,473,6650,319,N,5,4301422.6,Luxury
6,3,1996,Y,Y,1750,2078,294,Y,3,4317950.6,Luxury
5,10,1992,Y,Y,3056,6995,743,N,6,4322399.2,Luxury
10,5,1990,Y,N,3887,775,854,Y,7,4322504,Luxury
5,8,1996,Y,N,3420,4709,820,Y,10,4330567.6,Luxury
5,9,2021,Y,Y,2231,7900,385,Y,8,4340381.1,Luxury
6,8,2009,Y,Y,8856,5530,897,Y,3,4350544.9,Luxury
1,5,2010,Y,Y,911,3354,936,Y,3,4352882,Luxury
7,1,2007,Y,N,4347,9943,561,N,5,4373848.7,Luxury
4,1,1993,Y,N,834,9044,222,N,2,4375504.3,Luxury
8,1,1999,Y,N,3232,4447,335,Y,6,4384655.9,Luxury
7,9,2003,Y,Y,3088,1388,846,N,6,4401306.3,Luxury
5,9,1993,Y,N,1295,9775,599,N,7,4402358.3,Luxury
5,9,2017,Y,Y,4054,8018,485,N,5,4420910.7,Luxury
1,5,1991,Y,N,9721,4242,388,Y,1,4436813.1,Luxury
4,6,2015,Y,N,6427,9315,532,Y,9,4454468.5,Luxury
2,2,1992,Y,Y,8465,6459,470,Y,9,4470923.2,Luxury
9,8,1999,Y,Y,154,2012,756,N,3,4496102.9,Luxury
7,4,2008,Y,N,8628,7440,512,Y,2,4500929.8,Luxury
7,10,2002,Y,N,19,5029,373,Y,1,4505471.2,Luxury
9,3,2009,Y,N,3266,2525,551,Y,10,4509078.9,Luxury
10,2,2002,Y,N,6870,9380,656,N,1,4511521.2,Luxury
8,10,2000,Y,Y,3486,2739,525,N,9,4519980,Luxury
4,2,2019,Y,Y,8160,6635,154,N,2,4522380.9,Luxury
7,8,1994,Y,N,6735,8600,530,N,10,4525938.4,Luxury
9,7,1999,Y,Y,4067,1691,779,N,4,4537806.9,Luxury
1,2,1999,Y,Y,9672,5987,896,N,4,4542972.9,Luxury
6,7,2011,Y,N,4896,2474,718,Y,6,4545301.1,Luxury
9,5,2011,Y,N,7396,5189,134,Y,0,4580439.1,Luxury
9,4,2019,Y,Y,3554,9429,713,N,6,4580938.9,Luxury
5,10,2015,Y,Y,7987,9541,953,N,0,4583445.5,Luxury
8,4,2019,Y,Y,1307,7015,411,Y,1,4591104.9,Luxury
5,10,2011,Y,N,5879,1488,298,Y,6,4598304.1,Luxury
5,7,1994,Y,Y,7668,9908,216,N,10,4600708.4,Luxury
5,5,2008,Y,Y,5937,6394,354,Y,0,4611619.8,Luxury
3,2,1993,Y,Y,6161,6233,124,N,3,4612424.3,Luxury
1,6,2004,Y,Y,7647,3828,666,Y,8,4624090.4,Luxury
1,4,1996,Y,N,7069,270,902,Y,10,4624665.6,Luxury
3,8,1993,Y,N,648,5911,886,N,3,4632832.3,Luxury
3,2,2009,Y,Y,3137,8674,821,N,6,4635687.9,Luxury
2,1,2014,Y,Y,3806,7241,469,Y,10,4641159.4,Luxury
4,4,2002,Y,N,1579,9465,361,N,10,4652547.2,Luxury
6,10,2014,Y,Y,930,2111,218,Y,7,4682390.4,Luxury
7,6,2011,Y,Y,6850,5074,520,Y,10,4697734.1,Luxury
9,10,1991,Y,Y,8339,6331,874,Y,4,4707341.1,Luxury
4,4,2016,Y,Y,2951,5303,942,Y,3,4709643.6,Luxury
5,8,2011,Y,N,213,7191,771,Y,10,4724350.1,Luxury
9,5,1991,Y,N,8499,2112,212,N,2,4744142.1,Luxury
8,10,2006,Y,N,87,5881,814,Y,9,4759722.6,Luxury
9,4,2020,Y,N,8783,2595,688,Y,3,4765507,Luxury
8,7,2020,Y,Y,8116,8875,252,N,1,4766558,Luxury
5,6,1996,Y,N,7893,2905,961,Y,6,4799734.6,Luxury
6,7,1994,Y,Y,4986,3510,338,N,10,4808638.4,Luxury
9,2,2011,Y,N,6503,8599,121,Y,8,4811373.1,Luxury
2,7,2009,Y,Y,2646,2546,464,Y,3,4817550.9,Luxury
6,2,2015,Y,N,7748,5725,428,Y,5,4818306.5,Luxury
5,1,1998,Y,Y,6066,9635,790,Y,5,4821619.8,Luxury
10,7,1994,Y,Y,7889,4322,514,N,2,4823162.4,Luxury
5,6,2007,Y,Y,8179,999,576,N,4,4877029.7,Luxury
1,10,1998,Y,N,89,6578,775,N,8,4877324.8,Luxury
5,8,2000,Y,N,6840,2079,171,Y,8,4888333,Luxury
10,4,2007,Y,Y,7139,5536,976,N,1,4890832.7,Luxury
4,6,2006,Y,N,4407,3668,868,Y,0,4906647.6,Luxury
2,3,2020,Y,Y,1634,704,396,Y,3,4910323,Luxury
1,2,2016,Y,N,1800,4755,723,Y,5,4914589.6,Luxury
6,9,2013,Y,N,5646,4458,953,N,3,4923159.3,Luxury
9,10,2020,Y,N,6110,1203,319,N,3,4943111,Luxury
8,8,2001,Y,N,8078,8975,242,Y,0,4950254.1,Luxury
9,5,2021,Y,Y,7859,8936,513,N,1,4972427.1,Luxury
5,8,2007,Y,Y,7916,4817,920,Y,1,4975941.7,Luxury
3,4,2013,Y,Y,2594,2874,516,Y,10,4980264.3,Luxury
9,8,2000,Y,Y,5681,4909,257,Y,2,4982131,Luxury
10,5,2006,Y,Y,1112,2027,883,N,6,4986710.6,Luxury
9,7,1997,Y,Y,7182,8670,125,N,6,4992838.7,Luxury
5,3,2010,Y,Y,9040,9940,136,N,1,5014166,Luxury
5,1,2018,Y,N,478,2348,690,N,4,5019832.8,Luxury
2,9,2001,Y,Y,1870,7534,386,Y,9,5019918.1,Luxury
9,5,1999,Y,Y,1647,3810,141,Y,8,5037541.9,Luxury
9,1,1993,Y,N,6698,6296,283,N,6,5038241.3,Luxury
7,6,2005,Y,N,8228,8605,600,Y,7,5040333.5,Luxury
3,10,1996,Y,N,5190,9575,451,N,2,5041774.6,Luxury
8,6,1996,Y,Y,1086,6191,309,Y,1,5063590.6,Luxury
6,8,1991,Y,Y,2729,777,614,N,4,5070180.1,Luxury
4,4,2008,Y,N,1593,7912,678,Y,1,5072667.8,Luxury
2,4,2009,Y,N,5729,1241,605,N,8,5091098.9,Luxury
7,1,1991,Y,N,8637,4362,178,Y,7,5097157.1,Luxury
1,5,1994,Y,N,5170,1660,731,Y,6,5103724.4,Luxury
9,8,2017,Y,N,1889,8858,230,Y,9,5123563.7,Luxury
7,9,2017,Y,N,9301,5658,388,N,7,5130743.7,Luxury
1,6,1991,Y,Y,2551,2992,731,N,5,5133121.1,Luxury
3,2,2016,Y,Y,8740,880,674,N,7,5146945.6,Luxury
1,4,2017,Y,N,1861,1316,198,Y,10,5152982.7,Luxury
3,7,2004,Y,Y,8696,5199,736,Y,8,5153610.4,Luxury
6,9,2002,Y,Y,9240,3031,847,Y,2,5154868.2,Luxury
5,2,1997,Y,Y,3892,1778,861,Y,5,5181732.7,Luxury
2,2,2016,Y,Y,7341,7302,579,Y,3,5183003.6,Luxury
7,1,2007,Y,N,6619,7721,105,N,8,5186005.7,Luxury
6,5,2000,Y,N,3915,2821,311,Y,4,5186043,Luxury
8,2,2003,Y,N,7229,984,865,N,9,5191640.3,Luxury
6,1,2018,Y,N,9444,9785,763,Y,2,5192250.8,Luxury
8,7,2006,Y,N,8220,7248,152,Y,5,5202028.6,Luxury
1,10,1994,Y,N,132,6999,946,Y,2,5202574.4,Luxury
10,4,2016,Y,Y,1864,2049,558,N,5,5217708.6,Luxury
1,8,2011,Y,N,4450,9406,405,Y,10,5221936.1,Luxury
7,7,1997,Y,Y,2308,2680,222,Y,4,5223905.7,Luxury
3,6,2006,Y,Y,491,4498,981,Y,10,5230980.6,Luxury
6,5,1992,Y,N,8987,3149,808,Y,4,5238533.2,Luxury
7,6,2009,Y,Y,487,47,690,N,2,5240655.9,Luxury
7,1,2017,Y,N,1888,8953,705,Y,0,5245987.7,Luxury
5,5,2002,Y,Y,4829,1900,293,N,6,5249769.2,Luxury
10,7,2012,Y,N,618,639,507,Y,9,5259907.2,Luxury
3,2,2008,Y,Y,211,8263,485,N,2,5261013.8,Luxury
6,2,2007,Y,N,4409,5855,621,N,6,5267684.7,Luxury
6,2,1996,Y,Y,2180,3122,838,Y,2,5281141.6,Luxury
7,3,1998,Y,N,4010,8343,260,N,10,5290006.8,Luxury
7,8,1993,Y,Y,5401,9757,727,Y,9,5299328.3,Luxury
8,9,1994,Y,N,190,1341,114,Y,6,5301685.4,Luxury
7,6,2019,Y,Y,9731,4082,206,Y,7,5303295.9,Luxury
9,8,2012,Y,Y,5609,5880,295,Y,3,5312035.2,Luxury
6,8,2006,Y,N,3908,6625,429,N,0,5330973.6,Luxury
10,8,1994,Y,N,4158,316,188,N,6,5333073.4,Luxury
10,2,2000,Y,N,6009,1144,178,Y,1,5352131,Luxury
7,8,2007,Y,N,6083,6236,633,N,0,5354379.7,Luxury
8,4,1993,Y,Y,4103,5759,753,N,3,5354891.3,Luxury
5,3,2021,Y,Y,5328,7061,826,N,2,5357472.1,Luxury
8,2,2013,Y,Y,1995,8809,766,Y,5,5371947.3,Luxury
10,3,2002,Y,N,1788,6553,204,Y,8,5379979.2,Luxury
8,9,1997,Y,N,2336,9857,969,N,0,5381679.7,Luxury
2,1,2015,Y,N,292,1859,580,N,10,5385263.5,Luxury
7,7,1999,Y,N,9951,5184,998,Y,8,5385374.9,Luxury
7,7,1992,Y,Y,5770,6099,500,Y,10,5395151.2,Luxury
5,4,1994,Y,N,3108,9254,712,Y,10,5407486.4,Luxury
3,8,1990,Y,N,2407,2260,674,N,10,5414753,Luxury
2,7,2015,Y,N,8776,9308,181,Y,9,5415620.5,Luxury
10,7,1996,Y,N,4321,8989,923,N,0,5418306.6,Luxury
1,10,2016,Y,N,6646,6687,261,N,4,5418802.6,Luxury
7,6,2008,Y,N,2160,5116,112,N,4,5419304.8,Luxury
7,7,2009,Y,N,3228,6857,753,Y,3,5421215.9,Luxury
9,1,2012,Y,N,6833,9708,694,N,3,5441692.2,Luxury
4,9,2005,Y,Y,1340,3632,399,N,7,5442172.5,Luxury
4,4,2004,Y,N,2331,9111,561,N,8,5444916.4,Luxury
4,2,1998,Y,Y,9580,3787,227,Y,1,5444967.8,Luxury
10,9,2008,Y,N,8801,7475,325,N,10,5445334.8,Luxury
6,7,2018,Y,N,9773,3621,651,N,10,5449838.8,Luxury
3,4,2017,Y,Y,3501,8339,231,N,5,5465714.7,Luxury
8,6,2021,Y,Y,5408,8103,988,N,4,5474758.1,Luxury
2,10,1996,Y,N,1236,3643,537,Y,2,5477618.6,Luxury
4,4,2020,Y,N,5929,2894,395,N,7,5493084,Luxury
4,7,2017,Y,N,7910,4264,593,Y,1,5506024.7,Luxury
3,9,2010,Y,N,9692,5951,610,N,0,5510997,Luxury
3,7,2011,Y,Y,2299,543,724,N,8,5525409.1,Luxury
2,1,2007,Y,Y,9636,2310,725,Y,3,5526826.7,Luxury
5,2,1990,Y,N,9641,836,639,N,2,5534621,Luxury
5,6,2020,Y,Y,6655,8671,297,N,7,5543245,Luxury
3,5,2018,Y,Y,8161,8293,522,N,2,5551048.8,Luxury
1,10,2019,Y,Y,2478,1511,147,N,1,5572546.9,Luxury
3,6,2002,Y,Y,3282,4811,470,N,4,5573469.2,Luxury
1,5,2021,Y,Y,5395,5590,335,N,1,5576601.1,Luxury
10,5,2017,Y,Y,5234,5172,672,N,2,5582770.7,Luxury
1,3,1994,Y,N,1044,660,646,Y,9,5592415.4,Luxury
8,1,2020,Y,Y,7207,8746,971,N,4,5606444,Luxury
8,6,2000,Y,Y,6404,6739,998,Y,8,5611203,Luxury
5,8,2005,Y,Y,5181,8338,358,N,4,5625288.5,Luxury
1,1,2018,Y,Y,29,9195,316,N,9,5627165.8,Luxury
1,2,2000,Y,Y,402,7088,417,Y,2,5650606,Luxury
9,4,1994,Y,Y,3405,2029,740,N,5,5650731.4,Luxury
6,7,2021,Y,Y,3804,5895,243,N,6,5653890.1,Luxury
8,3,1995,Y,Y,3926,8850,941,N,3,5658870.5,Luxury
2,2,2004,Y,N,8033,8013,983,N,9,5714000.4,Luxury
3,2,2017,Y,N,1420,9330,640,Y,9,5717757.7,Luxury
2,8,2019,Y,N,4136,4331,469,Y,3,5718350.9,Luxury
2,5,2018,Y,Y,5712,6881,353,N,0,5718957.8,Luxury
7,9,2006,Y,Y,4856,2230,566,N,8,5721225.6,Luxury
1,1,1992,Y,N,5306,7222,492,Y,0,5728972.2,Luxury
1,5,1998,Y,N,3125,7179,630,Y,1,5748423.8,Luxury
1,6,1992,Y,N,4797,2014,438,N,3,5750227.2,Luxury
4,3,2020,Y,Y,7766,2974,260,Y,0,5752367,Luxury
10,8,2013,Y,N,1872,6988,505,Y,7,5754031.3,Luxury
1,8,2002,Y,N,8125,8215,973,N,6,5769167.2,Luxury
8,9,1999,Y,N,1905,84,309,N,10,5775100.9,Luxury
10,6,2017,Y,N,3550,6304,794,Y,9,5777415.7,Luxury
10,7,2011,Y,Y,3905,3768,515,N,0,5779465.1,Luxury
4,6,2011,Y,Y,6998,2739,959,Y,6,5779614.1,Luxury
9,10,2020,Y,Y,5689,9188,518,Y,0,5785132,Luxury
5,4,1995,Y,Y,4558,267,442,N,9,5785302.5,Luxury
1,6,2008,Y,N,5651,7192,105,N,5,5787699.8,Luxury
6,1,2001,Y,Y,1667,5564,431,N,1,5790410.1,Luxury
10,4,2002,Y,N,4170,2913,286,N,4,5793020.2,Luxury
8,8,1995,Y,N,7881,8141,711,Y,1,5796496.5,Luxury
8,6,2006,Y,Y,825,4165,936,Y,7,5814487.6,Luxury
5,3,2003,Y,Y,9379,7325,499,N,4,5814953.3,Luxury
4,2,2020,Y,N,8172,9188,745,Y,3,5831806,Luxury
3,6,2004,Y,N,1556,3235,831,N,10,5834539.4,Luxury
3,10,1990,Y,Y,6367,6234,601,Y,3,5852813,Luxury
5,5,2018,Y,N,4552,4497,876,Y,5,5866480.8,Luxury
10,7,2021,Y,N,2792,7243,146,Y,0,5867655.1,Luxury
2,7,1996,Y,Y,2821,9200,845,N,4,5871811.6,Luxury
4,2,2021,Y,Y,9112,2741,698,N,2,5872861.1,Luxury
3,2,1999,Y,Y,7265,5530,919,Y,3,5874640.9,Luxury
10,9,1995,Y,Y,5930,9453,848,N,5,5876376.5,Luxury
5,1,1993,Y,N,217,383,205,N,2,5879090.3,Luxury
1,2,1996,Y,N,6928,1991,440,Y,2,5883585.6,Luxury
7,3,2016,Y,Y,3810,378,136,N,1,5891738.6,Luxury
8,7,2020,Y,N,1230,1973,817,N,10,5892769,Luxury
7,10,1994,Y,N,7058,273,850,Y,1,5896012.4,Luxury
9,1,1995,Y,N,9255,5964,121,Y,6,5927710.5,Luxury
2,1,2018,Y,Y,1832,1087,452,N,10,5932371.8,Luxury
5,10,1991,Y,N,2578,7925,528,N,9,5936567.1,Luxury
4,5,2007,Y,N,4968,6928,826,Y,7,5940173.7,Luxury
1,8,2021,Y,Y,9208,406,970,Y,5,5950249.1,Luxury
2,10,2014,Y,Y,1716,534,455,Y,9,5952617.4,Luxury
3,5,1996,Y,N,3542,7925,394,Y,9,5959601.6,Luxury
2,10,1993,Y,N,431,3219,760,Y,1,5981354.3,Luxury
4,6,2021,Y,Y,9728,3783,788,N,3,5982091.1,Luxury
3,7,1991,Y,Y,2957,7911,523,N,10,5982206.1,Luxury
4,5,2008,Y,N,6400,9575,141,N,7,5984334.8,Luxury
4,7,1994,Y,Y,4173,7116,973,N,8,5984506.4,Luxury
5,4,2010,Y,N,2803,7183,944,Y,3,5995883,Luxury
2,4,2015,Y,N,7159,4934,324,Y,3,6009243.5,Luxury
9,1,2001,Y,N,7680,3658,255,N,5,6024974.1,Luxury
6,10,1995,Y,N,1418,923,344,N,7,6034513.5,Luxury
7,1,1994,Y,N,8112,9032,175,N,1,6034593.4,Luxury
2,3,2014,Y,N,6445,118,949,N,0,6035836.4,Luxury
1,3,2019,Y,N,6297,5170,925,Y,7,6038984.9,Luxury
7,9,2012,Y,Y,5943,7937,950,Y,1,6047863.2,Luxury
2,1,2019,Y,N,9227,737,340,N,8,6059360.9,Luxury
10,5,2016,Y,N,2639,139,506,N,10,6065217.6,Luxury
7,6,2019,Y,N,7010,7994,993,Y,0,6071330.9,Luxury
3,7,2014,Y,Y,5507,6322,205,Y,4,6074331.4,Luxury
10,3,2008,Y,N,8553,6798,440,N,10,6121496.8,Luxury
4,5,2021,Y,Y,4572,2348,433,N,9,6125077.1,Luxury
10,2,2015,Y,N,3710,6934,905,N,5,6134485.5,Luxury
1,8,2008,Y,Y,9512,7751,616,N,2,6137635.8,Luxury
1,1,2000,Y,N,3524,771,469,N,9,6149729,Luxury
5,4,2006,Y,N,8951,8470,558,Y,2,6152438.6,Luxury
7,1,1999,Y,Y,6580,2232,630,N,10,6155348.9,Luxury
3,7,1999,Y,Y,4185,3674,812,N,7,6170525.9,Luxury
6,2,1990,Y,N,8142,7498,517,Y,8,6192313,Luxury
6,10,2013,Y,N,6654,9100,314,Y,10,6211934.3,Luxury
1,6,2007,Y,Y,1697,4319,456,Y,6,6225416.7,Luxury
4,6,2019,Y,N,7920,5846,392,Y,2,6236152.9,Luxury
9,8,2010,Y,Y,1665,8292,863,Y,1,6239393,Luxury
5,6,2003,Y,N,3522,3566,201,N,7,6261216.3,Luxury
5,5,2004,Y,Y,1851,2098,302,N,1,6265865.4,Luxury
6,3,1993,Y,N,1036,3428,278,N,6,6267352.3,Luxury
7,6,1994,Y,N,6669,3384,351,Y,7,6268203.4,Luxury
3,9,2003,Y,Y,9019,348,835,N,0,6270489.3,Luxury
2,3,2008,Y,N,4585,7347,405,N,7,6271214.8,Luxury
2,3,2003,Y,N,9747,4217,423,Y,7,6271258.3,Luxury
8,6,2010,Y,Y,7894,8574,116,N,9,6295641,Luxury
9,4,2004,Y,N,349,361,872,N,9,6307284.4,Luxury
7,10,1995,Y,Y,6145,4547,746,Y,8,6309285.5,Luxury
3,1,2005,Y,N,5369,2732,769,Y,2,6316522.5,Luxury
6,7,2020,Y,N,4057,7122,266,Y,5,6318789,Luxury
2,6,2019,Y,Y,8663,9637,670,Y,5,6318959.9,Luxury
2,9,1998,Y,N,4309,422,274,N,6,6319109.8,Luxury
6,6,2000,Y,Y,3993,3156,405,Y,9,6319624,Luxury
8,4,2002,Y,N,8593,9599,975,N,7,6333289.2,Luxury
9,2,1993,Y,Y,4182,5340,126,N,8,6338701.3,Luxury
5,8,2003,Y,Y,9719,1441,360,N,3,6344621.3,Luxury
4,2,1997,Y,N,2111,3502,877,Y,8,6349697.7,Luxury
4,7,2003,Y,N,2863,2396,621,Y,0,6373958.3,Luxury
10,4,2012,Y,Y,189,9137,648,N,4,6378709.2,Luxury
8,4,2009,Y,Y,4092,7724,170,N,9,6391540.9,Luxury
7,3,1999,Y,N,4139,7178,152,N,6,6394774.9,Luxury
10,2,2020,Y,N,7812,7428,171,Y,4,6398575,Luxury
4,10,1995,Y,Y,8802,7007,249,N,10,6407296.5,Luxury
4,4,2013,Y,Y,7067,4514,915,Y,1,6409487.3,Luxury
7,1,2018,Y,Y,2634,4578,247,N,3,6412082.8,Luxury
4,6,2013,Y,N,782,2046,552,Y,10,6415461.3,Luxury
9,1,1997,Y,N,364,5951,715,Y,9,6415886.7,Luxury
5,2,2016,Y,N,6643,2420,273,Y,2,6427021.6,Luxury
5,5,1992,Y,N,9761,6148,525,Y,0,6428666.2,Luxury
4,10,1993,Y,Y,8664,3981,604,Y,2,6433095.3,Luxury
10,3,2012,Y,N,7769,7012,202,N,7,6442542.2,Luxury
3,8,2018,Y,Y,204,2316,957,Y,3,6444610.8,Luxury
9,3,2002,Y,Y,3395,5111,800,Y,10,6446168.2,Luxury
7,3,1999,Y,Y,5624,5352,637,Y,0,6453925.9,Luxury
7,3,2018,Y,N,4548,2833,446,N,8,6458929.8,Luxury
1,3,2014,Y,N,5273,3971,324,Y,1,6459748.4,Luxury
2,6,2020,Y,Y,7710,9545,449,N,0,6488470,Luxury
8,10,1996,Y,Y,8261,4387,304,N,7,6489157.6,Luxury
1,8,2020,Y,N,2851,827,333,N,7,6489616,Luxury
4,6,1999,Y,Y,8197,760,690,N,2,6491283.9,Luxury
6,9,2001,Y,Y,4839,6378,561,N,3,6495320.1,Luxury
4,5,2013,Y,Y,1975,7979,225,Y,4,6500624.3,Luxury
6,5,2009,Y,N,9418,1166,238,N,10,6504452.9,Luxury
5,6,2001,Y,Y,4584,7711,612,Y,10,6510156.1,Luxury
5,6,2001,Y,N,4522,2397,263,Y,0,6518542.1,Luxury
1,5,2008,Y,N,8038,1051,991,Y,10,6529755.8,Luxury
6,10,2017,Y,Y,260,4175,910,Y,0,6536489.7,Luxury
5,6,1996,Y,Y,134,1222,171,N,6,6556065.6,Luxury
7,10,2014,Y,Y,4998,5786,603,N,8,6565552.4,Luxury
7,6,2008,Y,N,1917,1872,236,N,4,6578284.8,Luxury
1,4,2012,Y,N,5085,9728,796,N,6,6607360.2,Luxury
1,4,1997,Y,N,9697,7179,375,Y,5,6616285.7,Luxury
2,5,2000,Y,N,9744,2695,890,N,2,6635346,Luxury
9,10,2015,Y,N,376,1581,428,N,2,6637330.5,Luxury
5,2,1990,Y,Y,6051,5240,137,N,1,6655758,Luxury
8,10,2020,Y,Y,847,8138,184,Y,4,6664457,Luxury
6,7,2005,Y,Y,2867,6929,623,N,3,6665417.5,Luxury
7,9,2016,Y,Y,2020,7188,269,Y,10,6667802.6,Luxury
3,10,1996,Y,N,8973,4891,841,Y,6,6683970.6,Luxury
8,10,2009,Y,N,2132,4775,761,Y,3,6694413.9,Luxury
4,8,1993,Y,N,4817,5222,927,N,0,6714247.3,Luxury
6,8,1990,Y,Y,5682,6331,225,Y,8,6716138,Luxury
5,9,1999,Y,Y,851,9640,273,N,7,6728090.9,Luxury
5,7,2021,Y,Y,8845,5808,948,Y,4,6737040.1,Luxury
6,2,2003,Y,Y,2690,4018,534,Y,5,6749164.3,Luxury
4,10,1996,Y,N,5136,5840,359,N,6,6749765.6,Luxury
8,4,2007,Y,N,2571,6694,849,Y,1,6753907.7,Luxury
1,6,2016,Y,N,1471,1362,142,N,7,6761569.6,Luxury
10,8,2009,Y,Y,6765,874,772,Y,4,6766655.9,Luxury
1,9,2004,Y,Y,2212,420,825,N,10,6773957.4,Luxury
3,9,1995,Y,Y,7480,2068,929,N,6,6789580.5,Luxury
4,3,2007,Y,N,4460,9990,543,Y,4,6793060.7,Luxury
10,6,2010,Y,N,5459,7723,940,N,2,6804439,Luxury
1,1,2010,Y,Y,612,1124,769,N,9,6812854,Luxury
10,3,2013,Y,N,2387,9191,493,Y,5,6822830.3,Luxury
7,8,2005,Y,Y,635,662,746,Y,3,6839967.5,Luxury
6,9,2018,Y,N,8539,226,764,N,10,6875785.8,Luxury
6,3,2015,Y,N,7409,3574,590,N,6,6879026.5,Luxury
10,5,2004,Y,Y,381,2887,378,Y,0,6881563.4,Luxury
2,9,1995,Y,Y,7692,6368,950,N,3,6888057.5,Luxury
1,8,2020,Y,Y,7260,7608,437,Y,3,6912274,Luxury
8,4,1995,Y,N,5550,7971,621,N,8,6921350.5,Luxury
10,5,2007,Y,Y,7233,3587,821,Y,1,6926892.7,Luxury
5,5,2007,Y,N,2803,7193,968,Y,3,6929298.7,Luxury
8,6,1998,Y,N,4517,6155,682,Y,10,6934022.8,Luxury
4,6,2009,Y,N,4784,6906,329,Y,0,6972179.9,Luxury
7,8,2016,Y,N,8397,9994,934,N,7,6972311.6,Luxury
7,9,2016,Y,Y,3147,8521,648,Y,3,6974699.6,Luxury
1,2,1991,Y,N,4703,7032,937,Y,6,6977654.1,Luxury
6,2,1995,Y,N,6918,956,285,N,2,6986534.5,Luxury
6,3,2006,Y,Y,6442,3988,786,N,5,7005549.6,Luxury
4,9,2000,Y,Y,6641,8594,557,Y,8,7007658,Luxury
1,9,2011,Y,Y,9689,7179,900,N,1,7008509.1,Luxury
10,4,2004,Y,Y,7170,1743,658,N,0,7015755.4,Luxury
9,5,2004,Y,N,7515,891,377,N,1,7017698.4,Luxury
2,6,2009,Y,N,1786,8181,733,N,8,7019102.9,Luxury
6,9,2018,Y,N,6185,3192,674,N,2,7019332.8,Luxury
6,10,1997,Y,N,5016,8006,367,N,2,7032807.7,Luxury
3,7,1990,Y,N,8435,2429,292,Y,4,7055052,Luxury
7,5,2020,Y,Y,5327,4828,868,N,8,7058556,Luxury
8,5,2016,Y,Y,8314,2512,745,Y,4,7061764.6,Luxury
4,5,2009,Y,Y,4554,1871,739,Y,4,7065959.9,Luxury
7,3,2017,Y,N,4927,1285,197,N,5,7070662.7,Luxury
8,2,2011,Y,Y,1819,3442,662,N,5,7071960.1,Luxury
10,5,2010,Y,Y,4845,8727,991,N,2,7075926,Luxury
1,9,2006,Y,N,1506,590,794,Y,7,7084110.6,Luxury
10,8,2005,Y,Y,821,8503,348,N,1,7096273.5,Luxury
1,10,1997,Y,Y,8742,1290,177,Y,10,7101031.7,Luxury
5,7,1996,Y,Y,5402,4479,238,N,7,7108408.6,Luxury
1,9,1994,Y,Y,6131,7455,288,Y,9,7113295.4,Luxury
1,3,2007,Y,Y,2192,6332,458,N,3,7123165.7,Luxury
7,6,2018,Y,Y,6797,5738,739,Y,9,7124217.8,Luxury
2,1,2001,Y,Y,5734,103,873,N,4,7127415.1,Luxury
3,5,2008,Y,Y,7643,284,129,Y,5,7159280.8,Luxury
7,3,2015,Y,N,8881,4053,302,Y,6,7159919.5,Luxury
1,1,2010,Y,N,1864,7586,402,N,7,7169029,Luxury
5,7,2009,Y,N,1318,544,283,Y,6,7178514.9,Luxury
8,10,2014,Y,N,4305,3492,662,Y,6,7207715.4,Luxury
7,5,2005,Y,N,4619,9472,949,N,0,7208762.5,Luxury
3,1,2015,Y,N,3233,4552,325,N,4,7226586.5,Luxury
9,6,1995,Y,N,8820,9541,418,N,7,7256618.5,Luxury
8,10,1994,Y,N,3413,2245,254,Y,0,7259025.4,Luxury
10,6,2021,Y,Y,7668,4904,911,N,0,7260052.1,Luxury
10,9,2015,Y,N,6997,164,819,Y,10,7262915.5,Luxury
9,5,1998,Y,N,7012,1497,493,N,7,7265382.8,Luxury
10,2,1996,Y,Y,9378,2358,409,N,1,7269915.6,Luxury
3,7,1990,Y,Y,3829,3592,731,Y,8,7271337,Luxury
4,6,2008,Y,N,4451,4499,217,Y,9,7292041.8,Luxury
7,7,2007,Y,N,1533,5684,167,N,7,7293420.7,Luxury
6,7,2019,Y,N,4204,9856,636,N,8,7325036.9,Luxury
3,3,2019,Y,Y,6384,4894,726,Y,9,7325048.9,Luxury
7,2,2001,Y,Y,2873,9717,157,Y,10,7331191.1,Luxury
8,7,1996,Y,Y,9466,5759,139,Y,7,7340458.6,Luxury
3,2,2014,Y,N,8391,569,565,Y,2,7352484.4,Luxury
9,2,2006,Y,N,1524,2013,257,N,4,7356188.6,Luxury
5,9,2021,Y,N,3925,8169,417,Y,10,7371844.1,Luxury
3,9,2017,Y,Y,2569,3531,449,N,9,7380635.7,Luxury
6,6,2009,Y,N,1187,3188,595,Y,2,7382091.9,Luxury
2,5,1994,Y,Y,2610,2417,923,Y,2,7383556.4,Luxury
6,9,2009,Y,Y,2945,4176,899,Y,2,7396303.9,Luxury
1,7,2002,Y,Y,401,7686,194,Y,3,7397144.2,Luxury
4,3,1996,Y,Y,3758,1954,469,Y,0,7403420.6,Luxury
6,9,2019,Y,N,4631,2327,660,N,8,7403575.9,Luxury
5,10,2005,Y,Y,4065,8991,328,Y,8,7405498.5,Luxury
10,2,1992,Y,N,4096,9984,638,Y,0,7421289.2,Luxury
2,5,2014,Y,Y,8003,122,976,Y,5,7452174.4,Luxury
9,8,1994,Y,N,8045,9970,109,N,6,7454179.4,Luxury
9,8,2009,Y,N,616,2692,479,Y,9,7469587.9,Luxury
3,2,2002,Y,N,6054,203,797,Y,4,7479745.2,Luxury
4,10,2009,Y,Y,4433,8411,773,Y,9,7483945.9,Luxury
4,8,2011,Y,Y,6469,8641,668,N,3,7486764.1,Luxury
2,9,2000,Y,Y,5584,3958,274,Y,1,7486919,Luxury
3,4,2017,Y,N,7067,7176,196,N,1,7495681.7,Luxury
2,8,1994,Y,Y,4647,9180,874,N,3,7500281.4,Luxury
4,5,1999,Y,Y,7986,4416,103,Y,9,7513525.9,Luxury
1,10,2006,Y,Y,5778,3679,321,N,4,7522620.6,Luxury
1,9,2015,Y,Y,6978,699,590,Y,6,7545974.5,Luxury
4,3,1991,Y,Y,9854,759,508,N,8,7556204.1,Luxury
8,8,1996,Y,N,7521,5284,270,Y,8,7556389.6,Luxury
6,10,2013,Y,N,2776,609,546,Y,10,7567839.3,Luxury
10,2,2021,Y,Y,506,5618,771,N,0,7568656.1,Luxury
7,2,2003,Y,N,44,4840,271,Y,4,7574463.3,Luxury
5,6,1993,Y,Y,3501,446,613,Y,1,7578283.3,Luxury
10,9,2010,Y,N,4163,4456,914,Y,10,7581701,Luxury
1,10,2012,Y,Y,8247,5240,323,N,8,7583793.2,Luxury
6,9,2019,Y,N,402,4872,886,N,5,7595476.9,Luxury
5,3,2001,Y,N,4681,1453,472,Y,7,7599356.1,Luxury
7,7,1997,Y,Y,1767,2935,297,Y,7,7628022.7,Luxury
2,3,2016,Y,N,3950,5818,179,Y,1,7630312.6,Luxury
7,4,1993,Y,Y,8273,7875,877,N,5,7637924.3,Luxury
3,6,1996,Y,N,7590,3230,309,Y,9,7654285.6,Luxury
10,6,2017,Y,Y,3709,7826,413,Y,2,7656245.7,Luxury
9,6,2007,Y,N,6140,7356,156,N,5,7667379.7,Luxury
2,2,1993,Y,N,9871,7235,919,N,8,7670985.3,Luxury
7,8,2020,Y,Y,9433,6604,286,Y,3,7674076,Luxury
5,6,2001,Y,N,3701,784,296,Y,10,7674844.1,Luxury
2,4,2017,Y,N,5908,7968,463,Y,5,7680085.7,Luxury
1,1,1990,Y,Y,611,2112,181,Y,8,7682267,Luxury
1,4,2007,Y,Y,4499,8144,342,N,0,7685980.7,Luxury
4,4,1990,Y,Y,5405,1551,131,Y,4,7708657,Luxury
9,7,1993,Y,Y,901,5466,463,N,8,7711979.3,Luxury
5,6,1993,Y,N,4271,8324,252,N,7,7721334.3,Luxury
7,3,1999,Y,N,1272,1418,217,N,5,7729101.9,Luxury
4,2,1997,Y,N,5726,9952,663,N,2,7733589.7,Luxury
9,2,1994,Y,N,4386,973,670,Y,4,7746930.4,Luxury
8,1,1996,Y,Y,564,866,329,N,9,7749477.6,Luxury
8,1,1995,Y,N,6722,339,286,Y,0,7753128.5,Luxury
6,1,1999,Y,N,4850,5648,144,Y,8,7767797.9,Luxury
3,6,2007,Y,N,7929,829,455,Y,9,7773631.7,Luxury
